year,name,team
1986,Christian Vanderpleyn,AGS
1987,Christian Vanderpleyn,AGS
1988,Christian Vanderpleyn,AGS
1989,Claude Galopin,AGS
1990,Michel Costa,AGS
1991,Christian Vanderpleyn,AGS
1978,Robin Herd,ATS
1979,John Gentry,ATS
1980,Gustav Brunner,ATS
1981,Hervé Guilpin,ATS
1983,Gustav Brunner,ATS
1984,Gustav Brunner,ATS
1950,Gioacchino Colombo,Alfa Romeo
1951,Gioacchino Colombo,Alfa Romeo
1979,Carlo Chiti,Alfa Romeo
1980,Carlo Chiti,Alfa Romeo
1981,Carlo Chiti,Alfa Romeo
1982,Gerard Ducarouge,Alfa Romeo
1983,Gerard Ducarouge,Alfa Romeo
1984,Luigi Marmiroli,Alfa Romeo
1985,Mario Tollentino,Alfa Romeo
2019,Simone Resta,Alfa Romeo
2020,Jean Monchaux,Alfa Romeo
2021,Jean Monchaux,Alfa Romeo
2022,Jean Monchaux,Alfa Romeo
2023,Jean Monchaux,Alfa Romeo
2020,Jody Egginton,AlphaTauri
2021,Jody Egginton,AlphaTauri
2022,Jody Egginton,AlphaTauri
2023,Jody Egginton,AlphaTauri
2021,Pat Fry,Alpine
2022,Pat Fry,Alpine
2023,Pat Fry,Alpine
2024,Matt Harman,Alpine
2025,David Sanchez,Alpine
1978,Tony Southgate,Arrows
1979,Tony Southgate,Arrows
1980,Tony Southgate,Arrows
1981,Tony Southgate,Arrows
1982,Dave Wass,Arrows
1983,Dave Wass,Arrows
1984,Dave Wass,Arrows
1985,Dave Wass,Arrows
1986,Dave Wass,Arrows
1987,Ross Brawn,Arrows
1988,Ross Brawn,Arrows
1989,Ross Brawn,Arrows
1997,Frank Dernie,Arrows
1998,John Barnard,Arrows
1999,Mike Coughlan,Arrows
2000,Mike Coughlan,Arrows
2001,Mike Coughlan,Arrows
2002,Mike Coughlan,Arrows
1959,Ted Cutting,Aston Martin
1960,Ted Cutting,Aston Martin
2021,Andy Green,Aston Martin
2022,Andy Green,Aston Martin
2023,Dan Fallows,Aston Martin
2024,Dan Fallows,Aston Martin
2025,Bob Bell,Aston Martin
1999,Adrian Reynard,BAR
2000,AAdrian Reynard,BAR
2001,Malcolm Oastler,BAR
2002,Malcolm Oastler,BAR
2003,Geoffrey Willis,BAR
2004,Geoffrey Willis,BAR
2005,Geoffrey Willis,BAR
2006,Willy Rampf,BMW Sauber
2007,Willy Rampf,BMW Sauber
2008,Willy Rampf,BMW Sauber
2009,Willy Rampf,BMW Sauber
1951,Peter Berthon,BRM
1952,Peter Berthon,BRM
1953,Peter Berthon,BRM
1954,Peter Berthon,BRM
1955,Peter Berthon,BRM
1956,Peter Berthon,BRM
1957,Peter Berthon,BRM
1958,Peter Berthon,BRM
1959,Peter Berthon,BRM
1960,Tony Rudd,BRM
1961,Tony Rudd,BRM
1962,Tony Rudd,BRM
1963,Tony Rudd,BRM
1964,Tony Rudd,BRM
1965,Tony Rudd,BRM
1966,Tony Rudd,BRM
1967,Tony Rudd,BRM
1968,Len Terry,BRM
1969,Len Terry,BRM
1970,Tony Southgate,BRM
1971,Tony Southgate,BRM
1972,Tony Southgate,BRM
1973,Mike Pilbeam,BRM
1974,Mike Pilbeam,BRM
1975,Mike Pilbeam,BRM
1976,Mike Pilbeam,BRM
1977,Len Terry,BRM
1978,Aubrey Woods,BRM
1963,Tony Robinson,BRP
1964,Tony Robinson,BRP
1986,Rory Byrne,Benetton
1987,Rory Byrne,Benetton
1988,Rory Byrne,Benetton
1989,Rory Byrne,Benetton
1990,John Barnard,Benetton
1991,John Barnard,Benetton
1992,Ross Brawn,Benetton
1993,Ross Brawn,Benetton
1994,Ross Brawn,Benetton
1995,Ross Brawn,Benetton
1996,Ross Brawn,Benetton
1997,Pat Symonds,Benetton
1998,Pat Symonds,Benetton
1999,Pat Symonds,Benetton
2000,Pat Symonds,Benetton
2001,Pat Symonds,Benetton
1962,Ron Tauranac,Brabham
1963,Ron Tauranac,Brabham
1964,Ron Tauranac,Brabham
1965,Ron Tauranac,Brabham
1966,Ron Tauranac,Brabham
1967,Ron Tauranac,Brabham
1968,Ron Tauranac,Brabham
1969,Ron Tauranac,Brabham
1970,Ron Tauranac,Brabham
1971,Ron Tauranac,Brabham
1972,Ralph Bellamy,Brabham
1973,Gordon Murray,Brabham
1974,Gordon Murray,Brabham
1975,Gordon Murray,Brabham
1976,Gordon Murray,Brabham
1977,Gordon Murray,Brabham
1978,Gordon Murray,Brabham
1979,Gordon Murray,Brabham
1980,Gordon Murray,Brabham
1981,Gordon Murray,Brabham
1983,David North,Brabham
1984,Gordon Murray,Brabham
1985,Gordon Murray,Brabham
1986,Gordon Murray,Brabham
1987,John Baldwin,Brabham
1988,John Baldwin,Brabham
1989,John Baldwin,Brabham
1990,Sergio Rinland,Brabham
1991,Sergio Rinland,Brabham
2009,Jörg Zander,Brawn
2012,Mike Gascoyne,Caterham
2013,Mike Gascoyne,Caterham
2014,Mike Gascoyne,Caterham
1950,Owen Maddock,Cooper
1951,Owen Maddock,Cooper
1952,Owen Maddock,Cooper
1953,Owen Maddock,Cooper
1954,Owen Maddock,Cooper
1955,Owen Maddock,Cooper
1956,Owen Maddock,Cooper
1957,Owen Maddock,Cooper
1958,Owen Maddock,Cooper
1959,Owen Maddock,Cooper
1960,Owen Maddock,Cooper
1961,Owen Maddock,Cooper
1962,Owen Maddock,Cooper
1963,Owen Maddock,Cooper
1964,Eddie Strait,Cooper
1965,Owen Maddock,Cooper
1966,Derrick White,Cooper
1967,Eddie Strait,Cooper
1988,Gianpaolo Dallara,Dallara
1989,Gianpaolo Dallara,Dallara
1990,Gianpaolo Dallara,Dallara
1991,Gianpaolo Dallara,Dallara
1992,Gianpaolo Dallara,Dallara
1966,Len Terry,Eagle
1973,Morris Nunn,Ensign
1974,Morris Nunn,Ensign
1975,Dave Baldwin,Ensign
1976,Dave Baldwin,Ensign
1977,Dave Baldwin,Ensign
1979,John Baldwin,Ensign
1980,Ralph Bellamy,Ensign
1982,Nigel Bennett,Ensign
1950,Aurelio Lampredi,Ferrari
1951,Aurelio Lampredi,Ferrari
1952,Aurelio Lampredi,Ferrari
1953,Aurelio Lampredi,Ferrari
1954,Aurelio Lampredi,Ferrari
1955,Aurelio Lampredi,Ferrari
1956,Vittorio Jano,Ferrari
1957,Vittorio Jano,Ferrari
1958,Carlo Chiti,Ferrari
1959,Vittorio Jano,Ferrari
1960,Vittorio Jano,Ferrari
1961,Vittorio Jano,Ferrari
1962,Mauro Forghieri,Ferrari
1963,Mauro Forghieri,Ferrari
1964,Mauro Forghieri,Ferrari
1965,Mauro Forghieri,Ferrari
1966,Mauro Forghieri,Ferrari
1967,Mauro Forghieri,Ferrari
1968,Mauro Forghieri,Ferrari
1969,Mauro Forghieri,Ferrari
1970,Mauro Forghieri,Ferrari
1971,Mauro Forghieri,Ferrari
1972,Mauro Forghieri,Ferrari
1973,Mauro Forghieri,Ferrari
1974,Mauro Forghieri,Ferrari
1975,Mauro Forghieri,Ferrari
1976,Mauro Forghieri,Ferrari
1977,Mauro Forghieri,Ferrari
1978,Mauro Forghieri,Ferrari
1979,Mauro Forghieri,Ferrari
1980,Mauro Forghieri,Ferrari
1981,Mauro Forghieri,Ferrari
1982,Harvey Postlethwaite,Ferrari
1983,Harvey Postlethwaite,Ferrari
1984,Harvey Postlethwaite,Ferrari
1985,Harvey Postlethwaite,Ferrari
1986,Harvey Postlethwaite,Ferrari
1987,John Barnard,Ferrari
1988,John Barnard,Ferrari
1989,John Barnard,Ferrari
1990,John Barnard,Ferrari
1991,Steve Nichols,Ferrari
1992,Steve Nichols,Ferrari
1993,Steve Nichols,Ferrari
1994,John Barnard,Ferrari
1995,John Barnard,Ferrari
1996,John Barnard,Ferrari
1997,Ross Brawn,Ferrari
1998,Ross Brawn,Ferrari
1999,Ross Brawn,Ferrari
2000,Ross Brawn,Ferrari
2001,Ross Brawn,Ferrari
2002,Ross Brawn,Ferrari
2003,Ross Brawn,Ferrari
2004,Ross Brawn,Ferrari
2005,Ross Brawn,Ferrari
2006,Ross Brawn,Ferrari
2007,Aldo Costa,Ferrari
2008,Aldo Costa,Ferrari
2009,Aldo Costa,Ferrari
2010,Aldo Costa,Ferrari
2011,Aldo Costa,Ferrari
2012,Pat Fry,Ferrari
2013,Pat Fry,Ferrari
2014,James Allison,Ferrari
2015,James Allison,Ferrari
2016,Mattia Binotto,Ferrari
2017,Mattia Binotto,Ferrari
2018,Mattia Binotto,Ferrari
2019,Mattia Binotto,Ferrari
2020,Simone Resta,Ferrari
2021,Enrico Cardile,Ferrari
2022,Enrico Cardile,Ferrari
2023,Enrico Cardile,Ferrari
2024,Enrico Cardile,Ferrari
2025,Loïc Serra,Ferrari
1975,Richard Divila,Fittipaldi
1976,Richard Divila,Fittipaldi
1977,Dave Baldwin,Fittipaldi
1979,Ralph Bellamy,Fittipaldi
1980,Harvey Postlethwaite,Fittipaldi
1982,Richard Divila,Fittipaldi
1991,Alan Jenkins,Footwork
1992,Alan Jenkins,Footwork
1993,Alan Jenkins,Footwork
1994,Alan Jenkins,Footwork
1995,Alan Jenkins,Footwork
1996,Alan Jenkins,Footwork
2008,Mike Gascoyne,Force India
2009,James Key,Force India
2010,Mark Smith,Force India
2011,Andy Green,Force India
2012,Andy Green,Force India
2013,Andy Green,Force India
2014,Andy Green,Force India
2015,Andy Green,Force India
2016,Andy Green,Force India
2017,Andy Green,Force India
2018,Andy Green,Force India
1972,Len Bailey,Frank Williams Racing Cars
1976,Ray Stokoe,Frank Williams Racing Cars
2010,Gianpaolo Dallara,HRT
2011,Geoff Willis,HRT
2012,Jacky Eeckelaert,HRT
2016,Rob Taylor,Haas
2017,Rob Taylor,Haas
2018,Rob Taylor,Haas
2019,Rob Taylor,Haas
2020,Rob Taylor,Haas
2021,Simone Resta,Haas
2022,Simone Resta,Haas
2023,Simone Resta,Haas
2024,Simone Resta,Haas
2025,Andrea De Zordo,Haas
1974,Harvey Postlethwaite,Hesketh
1975,Harvey Postlethwaite,Hesketh
1976,Harvey Postlethwaite,Hesketh
1977,Frank Dernie,Hesketh
1975,Andy Smallman,Hill
1976,Andy Smallman,Hill
1963,Yoshio Nakamura,Honda
1964,Yoshio Nakamura,Honda
1965,Yoshio Nakamura,Honda
1966,Yoshio Nakamura,Honda
1967,Yoshio Nakamura,Honda
1968,Yoshio Nakamura,Honda
1999,Harvey Postlethwaite,Honda
2006,Geoff Willis,Honda
2007,Shuhei Nakamoto,Honda
2008,Shuhei Nakamoto,Honda
1973,Len Bailey,Iso-Marlboro
1974,John Clarke,Iso-Marlboro
2000,Gary Anderson,Jaguar
2001,Gary Anderson,Jaguar
2002,Steve Nichols,Jaguar
2003,David Pitchforth,Jaguar
2004,Ian Pocock,Jaguar
1991,Gary Anderson,Jordan
1992,Gary Anderson,Jordan
1993,Gary Anderson,Jordan
1994,Gary Anderson,Jordan
1995,Gary Anderson,Jordan
1996,Gary Anderson,Jordan
1997,Gary Anderson,Jordan
1998,Gary Anderson,Jordan
1999,Mike Gascoyne,Jordan
2000,Mike Gascoyne,Jordan
2001,Tim Holloway,Jordan
2002,Eghbal Hamidy,Jordan
2003,Henri Durand,Jordan
2004,Gary Anderson,Jordan
2005,John McQuillam,Jordan
2024,James Key,Kick Sauber
2025,Mattia Binotto,Kick Sauber
1993,Robin Herd,Larrousse
1994,Robin Herd,Larrousse
1990,Adrian Newey,Leyton House
1991,Chris Murphy,Leyton House
1976,Gérard Ducarouge,Ligier
1977,Gérard Ducarouge,Ligier
1978,Gérard Ducarouge,Ligier
1979,Gérard Ducarouge,Ligier
1980,Gérard Ducarouge,Ligier
1981,Gérard Ducarouge,Ligier
1982,Jean-Pierre Jabouille,Ligier
1983,Michel Beaujon,Ligier
1984,Michel Beaujon,Ligier
1985,Michel Beaujon,Ligier
1986,Michel Tétu,Ligier
1987,Michel Tétu,Ligier
1988,Michel Tétu,Ligier
1989,Michel Beaujon,Ligier
1990,Michel Beaujon,Ligier
1991,Michel Beaujon,Ligier
1992,Gérard Ducarouge,Ligier
1993,Gérard Ducarouge,Ligier
1994,Gerard Ducarouge,Ligier
1996,André de Cortanze,Ligier
1962,Eric Broadley,Lola
1967,Eric Broadley,Lola
1968,Eric Broadley,Lola
1974,Andy Smallman,Lola
1975,Andy Smallman,Lola
1987,Eric Broadley,Lola
1988,Eric Broadley,Lola
1989,Eric Broadley,Lola
1990,Eric Broadley,Lola
1991,Eric Broadley,Lola
1992,Eric Broadley,Lola
1993,Eric Broadley,Lola
1994,Eric Broadley,Lola
1995,Eric Broadley,Lola
1996,Eric Broadley,Lola
1997,Eric Broadley,Lola
1958,Colin Chapman,Lotus
1959,Colin Chapman,Lotus
1960,Colin Chapman,Lotus
1961,Colin Chapman,Lotus
1962,Colin Chapman,Lotus
1963,Colin Chapman,Lotus
1964,Colin Chapman,Lotus
1965,Colin Chapman,Lotus
1966,Colin Chapman,Lotus
1967,Colin Chapman,Lotus
1968,Colin Chapman,Lotus
1969,Colin Chapman,Lotus
1970,Colin Chapman,Lotus
1971,Colin Chapma,Lotus
1972,Colin Chapman,Lotus
1973,Colin Chapman,Lotus
1974,Colin Chapman,Lotus
1975,Colin Chapman,Lotus
1976,Colin Chapman,Lotus
1977,Colin Chapman,Lotus
1978,Colin Chapman,Lotus
1979,Colin Chapman,Lotus
1980,Colin Chapman,Lotus
1981,Colin Chapman,Lotus
1982,Colin Chapman,Lotus
1983,Colin Chapman,Lotus
1984,Gérard Ducarouge,Lotus
1985,Gérard Ducarouge,Lotus
1986,Gérard Ducarouge,Lotus
1987,Gérard Ducarouge,Lotus
1988,Gérard Ducarouge,Lotus
1989,Frank Dernie,Lotus
1990,Frank Dernie,Lotus
1991,Enrique Scalabroni,Lotus
1992,Peter Wright,Lotus
1993,Peter Wright,Lotus
1994,Peter Wright,Lotus
1995,Peter Wright,Lotus
2012,James Allison,Lotus
2013,James Allison,Lotus
2014,Nick Chester,Lotus
2015,Nick Chester,Lotus
2010,Mike Gascoyne,Lotus Racing
2011,Mike Gascoyne,Lotus Racing
2016,John McQuilliam,Manor
1970,Robin Herd,March
1971,Robin Herd,March
1972,Robin Herd,March
1973,Robin Herd,March
1974,Robin Herd,March
1975,Robin Herd,March
1976,Robin Herd,March
1977,Robin Herd,March
1978,Robin Herd,March
1979,Robin Herd,March
1980,Robin Herd,March
1981,Robin Herd,March
1982,Robin Herd,March
1987,Gordon Coppuck,March
1988,Adrian Newey,March
1989,Adrian Newey,March
1992,Chris Murphy,March
2012,Nikolay Fomenko,Marussia
2013,Nikolay Fomenko,Marussia
2014,John McQuilliam,Marussia
2015,John McQuilliam,Marussia
1951,Alberto Massimino,Maserati
1952,Alberto Massimino,Maserati
1953,Alberto Massimino,Maserati
1954,Vittorio Bellentani,Maserati
1955,Vittorio Bellentani,Maserati
1956,Vittorio Bellentani,Maserati
1957,Giulio Alfieri,Maserati
1967,Bernard Boyer,Matra
1968,Bernard Boyer,Matra
1969,Gérard Ducarouge,Matra
1970,Gérard Ducarouge,Matra
1966,Robin Herd,McLaren
1967,Robin Herd,McLaren
1968,Robin Herd,McLaren
1969,Jo Marquart,McLaren
1970,Jo Marquart,McLaren
1971,Ralph Bellamy,McLaren
1972,Ralph Bellamy,McLaren
1973,Gordon Coppuck,McLaren
1974,Gordon Coppuck,McLaren
1975,Gordon Coppuck,McLaren
1976,Gordon Coppuck,McLaren
1977,Gordon Coppuck,McLaren
1978,Gordon Coppuck,McLaren
1979,Gordon Coppuck,McLaren
1980,Gordon Coppuck,McLaren
1981,John Barnard,McLaren
1982,John Barnard,McLaren
1983,John Barnard,McLaren
1984,John Barnard,McLaren
1987,Steve Nichols,McLaren
1988,Gordon Murray,McLaren
1989,Gordon Murray,McLaren
1990,Gordon Murray,McLaren
1991,Gordon Murray,McLaren
1992,Neil Oatley,McLaren
1993,Neil Oatley,McLaren
1994,Neil Oatley,McLaren
1995,Neil Oatley,McLaren
1996,Neil Oatley,McLaren
1997,Neil Oatley,McLaren
1998,Adrian Newey,McLaren
1999,Adrian Newey,McLaren
2000,Adrian Newey,McLaren
2001,Adrian Newey,McLaren
2002,Adrian Newey,McLaren
2003,Adrian Newey,McLaren
2004,Adrian Newey,McLaren
2005,Adrian Newey,McLaren
2006,Adrian Newey,McLaren
2007,Paddy Lowe,McLaren
2008,Paddy Lowe,McLaren
2009,Paddy Lowe,McLaren
2010,Paddy Lowe,McLaren
2011,Paddy Lowe,McLaren
2012,Paddy Lowe,McLaren
2013,Paddy Lowe,McLaren
2014,Tim Goss,McLaren
2015,Tim Goss,McLaren
2016,Tim Goss,McLaren
2017,Tim Goss,McLaren
2018,Tim Goss,McLaren
2019,Pat Fry,McLaren
2020,James Key,McLaren
2021,James Key,McLaren
2022,James Key,McLaren
2023,James Key,McLaren
2024,Peter Podromou,McLaren
2025,Peter Podromou,McLaren
2010,Ross Brawn,Mercedes
2011,Bob Bell,Mercedes
2012,Bob Bell,Mercedes
2013,Bob Bell,Mercedes
2014,Paddy Lowe,Mercedes
2015,Paddy Lowe,Mercedes
2016,Paddy Lowe,Mercedes
2017,Aldo Costa,Mercedes
2018,James Allison,Mercedes
2019,James Allison,Mercedes
2020,James Allison,Mercedes
2021,James Allison,Mercedes
2022,James Allison,Mercedes
2023,James Allison,Mercedes
2024,James Allison,Mercedes
2025,James Allison,Mercedes
2006,James Key,Midland
1985,Giacomo Caliri,Minardi
1986,Giacomo Caliri,Minardi
1987,Giacomo Caliri,Minardi
1988,Giacomo Caliri,Minardi
1989,Aldo Costa,Minardi
1990,Aldo Costa,Minardi
1991,Aldo Costa,Minardi
1992,Aldo Costa,Minardi
1993,Aldo Costa,Minardi
1994,Aldo Costa,Minardi
1995,Aldo Costa,Minardi
1996,Aldo Costa,Minardi
1997,Gabriele Tredozi,Minardi
1998,Gabriele Tredozi,Minardi
1999,Gustav Brunner,Minardi
2000,Gustav Brunner,Minardi
2001,Gustav Brunner,Minardi
2002,Gabriele Tredozi,Minardi
2003,Gabriele Tredozi,Minardi
2004,Gabriele Tredozi,Minardi
2005,Gabriele Tredozi,Minardi
1989,Alan Jenkins,Onyx
1990,Alan Jenkins,Onyx
1980,Giorgio Stirano,Osella
1981,Giorgio Valentini,Osella
1983,Tony Southgate,Osella
1984,Guiseppe Petrotta,Osella
1985,Guiseppe Petrotta,Osella
1986,Guiseppe Petrotta,Osella
1987,Guiseppe Petrotta,Osella
1988,Ignazio Lunetta,Osella
1989,Antonio Tomaini,Osella
1990,Antonio Tomaini,Osella
1974,Maurice Philippe,Parnelli
1975,Maurice Philippe,Parnelli
1974,Geoff Ferris,Penske
1975,Geoff Ferris,Penske
1976,Geoff Ferris,Penske
1957,Wilhelm Hild,Porsche
1958,Wilhelm Hild,Porsche
1959,Wilhelm Hild,Porsche
1960,Wilhelm Hild,Porsche
1961,Wilhelm Hild,Porsche
1962,Hans Honich,Porsche
1998,Bernard Dudot,Prost
1999,Bernard Dudot,Prost
2000,Alan Jenkins,Prost
2001,Henri Durand,Prost
2002,Henri Durand,Prost
2024,Jody Egginton,RB
2025,Tim Goss,Racing Bulls
2019,Andy Green,Racing Point
2020,Andy Green,Racing Point
2005,Ian Pocock,Red Bull
2006,Günther Steiner,Red Bull
2007,Adrian Newey,Red Bull
2008,Adrian Newey,Red Bull
2009,Adrian Newey,Red Bull
2010,Adrian Newey,Red Bull
2011,Adrian Newey,Red Bull
2012,Adrian Newey,Red Bull
2013,Adrian Newey,Red Bull
2014,Adrian Newey,Red Bull
2015,Adrian Newey,Red Bull
2016,Adrian Newey,Red Bull
2017,Adrian Newey,Red Bull
2018,Adrian Newey,Red Bull
2019,Adrian Newey,Red Bull
2020,Adrian Newey,Red Bull
2021,Adrian Newey,Red Bull
2022,Adrian Newey,Red Bull
2023,Adrian Newey,Red Bull
2024,Adrian Newey,Red Bull
2025,Pierre Waché,Red Bull
1976,François Castaing,Renault
1977,François Castaing,Renault
1978,Francois Castaing,Renault
1979,François Castaing,Renault
1980,François Castaing,Renault
1981,François Castaing,Renault
1982,Francois Castaing,Renault
1983,Bernard Dudot,Renault
1984,Bernard Dudot,Renault
1985,Bernard Dudot,Renault
2002,Mike Gascoyne,Renault
2003,Mike Gascoyne,Renault
2004,Robert Bell,Renault
2005,Robert Bell,Renault
2006,Robert Bell,Renault
2007,Robert Bell,Renault
2008,Robert Bell,Renault
2009,Robert Bell,Renault
2010,James Allison,Renault
2011,James Allison,Renault
2016,Bob Bell,Renault
2017,Bob Bell,Renault
2018,Bob Bell,Renault
2019,Naoki Tokunaga,Renault
2020,Naoki Tokunaga,Renault
1988,Gustav Brunner,Rial
1989,Stefan Fober,Rial
1993,Harvey Postlethwaite,Sauber
1994,André de Cortanze,Sauber
1995,André de Cortanze,Sauber
1996,Leo Ress,Sauber
1997,Leo Ress,Sauber
1998,Leo Ress,Sauber
1999,Leo Ress,Sauber
2000,Leo Ress,Sauber
2001,Willy Rampf,Sauber
2002,Willy Rampf,Sauber
2003,Willy Rampf,Sauber
2004,Willy Rampf,Sauber
2005,Willy Rampf,Sauber
2010,Walter Riedl,Sauber
2011,James Key,Sauber
2012,James Key,Sauber
2013,Matt Morris,Sauber
2014,Eric Gandelin,Sauber
2015,Eric Gandelin,Sauber
2016,Mark Smith,Sauber
2017,Jörg Zander,Sauber
2018,Jörg Zander,Sauber
1973,Tony Southgate,Shadow
1974,Tony Southgate,Shadow
1975,Tony Southgate,Shadow
1976,Tony Southgate,Shadow
1977,Tony Southgate,Shadow
1978,Tony Southgate,Shadow
1979,John Gentry,Shadow
1980,John Gentry,Shadow
2006,James Key,Spyker
2007,Mike Gascoyne,Spyker
1997,Alan Jenkins,Stewart
1998,Alan Jenkins,Stewart
1999,Gary Anderson,Stewart
2006,Mark Preston,Super Aguri
2007,Mark Preston,Super Aguri
2008,Mark Preston,Super Aguri
1970,John Surtees,Surtees
1971,John Surtees,Surtees
1972,John Surtees,Surtees
1973,John Surtees,Surtees
1974,John Surtees,Surtees
1975,John Surtees,Surtees
1976,John Surtees,Surtees
1977,John Surtees,Surtees
1978,John Surtees,Surtees
1969,Gianfranco Pederzani,Tecno
1970,Gianfranco Pederzani,Tecno
1971,Gianfranco Pederzani,Tecno
1972,Gianfranco Pederzani,Tecno
1973,Alan McCall,Tecno
1978,Ron Tauranac,Theodore
1979,Ron Tauranac,Theodore
1980,Ron Tauranac,Theodore
1981,Tony Southgate,Theodore
1982,Tony Southgate,Theodore
1983,Nigel Bennett,Theodore
1981,Rory Byrne,Toleman
1982,Rory Byrne,Toleman
1983,Rory Byrne,Toleman
1984,Rory Byrne,Toleman
1985,Rory Byrne,Toleman
2006,Gabriele Tredozi,Toro Rosso
2007,Alex Hitzinger,Toro Rosso
2008,Giorgio Ascanelli,Toro Rosso
2009,Giorgio Ascanelli,Toro Rosso
2010,Giorgio Ascanelli,Toro Rosso
2011,Giorgio Ascanelli,Toro Rosso
2012,Giorgio Ascanelli,Toro Rosso
2013,James Key,Toro Rosso
2014,James Key,Toro Rosso
2015,James Key,Toro Rosso
2016,James Key,Toro Rosso
2017,James Key,Toro Rosso
2018,James Key,Toro Rosso
2019,James Key,Toro Rosso
2001,Dago Rohrer,Toyota
2002,Dago Rohrer,Toyota
2003,Keizo Takahashi,Toyota
2004,Mike Gascoyne,Toyota
2005,Mike Gascoyne,Toyota
2006,Mike Gascoyne,Toyota
2007,Pascal Vasselon,Toyota
2008,Pascal Vasselon,Toyota
2009,Noritoshi Arai,Toyota
2010,Noritoshi Arai,Toyota
1970,Derek Gardner,Tyrrell
1971,Derek Gardner,Tyrrell
1972,Derek Gardner,Tyrrell
1973,Derek Gardner,Tyrrell
1974,Derek Gardner,Tyrrell
1975,Derek Gardner,Tyrrell
1976,Derek Gardner,Tyrrell
1977,Derek Gardner,Tyrrell
1978,Maurice Philippe,Tyrrell
1979,Maurice Philippe,Tyrrell
1980,Maurice Philippe,Tyrrell
1981,Maurice Philippe,Tyrrell
1982,Maurice Philippe,Tyrrell
1983,Maurice Philippe,Tyrrell
1984,Maurice Philippe,Tyrrell
1985,Maurice Philippe,Tyrrell
1986,Maurice Philippe,Tyrrell
1987,Maurice Philippe,Tyrrell
1988,Maurice Philippe,Tyrrell
1989,Harvey Postlethwaite,Tyrrell
1990,Harvey Postlethwaite,Tyrrell
1991,Harvey Postlethwaite,Tyrrell
1992,George Ryton,Tyrrell
1993,Mike Coughlan,Tyrrell
1994,Harvey Postlethwaite,Tyrrell
1995,Harvey Postlethwaite,Tyrrell
1996,Harvey Postlethwaite,Tyrrell
1997,Harvey Postlethwaite,Tyrrell
1998,Harvey Postlethwaite,Tyrrell
1954,Owen Maddock,Vanwall
1955,Owen Maddock,Vanwall
1956,Colin Chapman,Vanwall
1957,Colin Chapman,Vanwall
1958,Colin Chapman,Vanwall
1992,Robin Herd,Venturi
2010,Nick Wirth,Virgin
2011,Nick Wirth,Virgin
1978,Patrick Head,Williams
1979,Patrick Head,Williams
1980,Patrick Head,Williams
1981,Patrick Head,Williams
1982,Patrick Head,Williams
1983,Patrick Head,Williams
1984,Patrick Head,Williams
1985,Patrick Head,Williams
1986,Patrick Head,Williams
1987,Patrick Head,Williams
1988,Patrick Head,Williams
1989,Patrick Head,Williams
1990,Patrick Head,Williams
1991,Patrick Head,Williams
1992,Patrick Head,Williams
1993,Patrick Head,Williams
1994,Patrick Head,Williams
1995,Patrick Head,Williams
1996,Patrick Head,Williams
1997,Patrick Head,Williams
1998,Patrick Head,Williams
1999,Patrick Head,Williams
2000,Patrick Head,Williams
2001,Patrick Head,Williams
2002,Patrick Head,Williams
2003,Patrick Head,Williams
2004,Patrick Head,Williams
2005,Sam Michael,Williams
2006,Sam Michael,Williams
2007,Sam Michael,Williams
2008,Sam Michael,Williams
2009,Sam Michael,Williams
2010,Sam Michael,Williams
2011,Sam Michael,Williams
2012,Mike Coughlan,Williams
2013,Mike Coughlan,Williams
2014,Pat Symonds,Williams
2015,Pat Symonds,Williams
2016,Pat Symonds,Williams
2017,Paddy Lowe,Williams
2018,Paddy Lowe,Williams
2019,Paddy Lowe,Williams
2020,Doug McKiernan,Williams
2021,Doug McKiernan,Williams
2022,François-Xavier Demaison,Williams
2023,François-Xavier Demaison,Williams
2024,Pat Fry,Williams
2025,Pat Fry,Williams
1976,Harvey Postlethwaite,Wolf
1977,Harvey Postlethwaite,Wolf
1978,Harvey Postlethwaite,Wolf
1979,Harvey Postlethwaite,Wolf
1985,Paul Brown,Zakspeed
1986,Paul Brown,Zakspeed
1987,Chris Murphy,Zakspeed
1988,Chris Murphy,Zakspeed
1989,Gustav Brunner,Zakspeed
