year,name,team,driver
1986,Christian Vanderpleyn,AGS,Team / All Drivers
1987,Christian Vanderpleyn,AGS,Team / All Drivers
1988,Christian Vanderpleyn,AGS,Team / All Drivers
1989,Christian Vanderpleyn,AGS,Team / All Drivers
1990,Christian Vanderpleyn,AGS,Team / All Drivers
1991,Christian Vanderpleyn,AGS,Team / All Drivers
1977,Gustav Brunner,ATS,Team / All Drivers
1978,Gustav Brunner,ATS,Team / All Drivers
1979,Gustav Brunner,ATS,Team / All Drivers
1980,Gustav Brunner,ATS,Team / All Drivers
1981,Gustav Brunner,ATS,Team / All Drivers
1982,Gustav Brunner,ATS,Team / All Drivers
1983,Gustav Brunner,ATS,Team / All Drivers
1984,Gustav Brunner,ATS,Team / All Drivers
1950,Gioacchino Colombo,Alfa Romeo,Team / All Drivers
1951,Gioacchino Colombo,Alfa Romeo,Team / All Drivers
1979,Carlo Chiti,Alfa Romeo,Team / All Drivers
1980,Carlo Chiti,Alfa Romeo,Team / All Drivers
1981,Carlo Chiti,Alfa Romeo,Team / All Drivers
1982,Carlo Chiti,Alfa Romeo,Team / All Drivers
1983,Carlo Chiti,Alfa Romeo,Team / All Drivers
1984,Carlo Chiti,Alfa Romeo,Team / All Drivers
1985,Carlo Chiti,Alfa Romeo,Team / All Drivers
2019,Julien Simon-Chautemps,Alfa Romeo,Kimi Räikkönen
2019,Gaetan Jego,Alfa Romeo,Antonio Giovinazzi
2020,Julien Simon-Chautemps,Alfa Romeo,Kimi Räikkönen
2020,Gaetan Jego,Alfa Romeo,Antonio Giovinazzi
2021,Julien Simon-Chautemps,Alfa Romeo,Kimi Räikkönen
2021,Gaetan Jego,Alfa Romeo,Antonio Giovinazzi
2022,Julien Simon-Chautemps,Alfa Romeo,Kimi Räikkönen
2022,Gaetan Jego,Alfa Romeo,Antonio Giovinazzi
2023,Julien Simon-Chautemps,Alfa Romeo,Kimi Räikkönen
2023,Gaetan Jego,Alfa Romeo,Antonio Giovinazzi
2020,Pierre Hamelin,AlphaTauri,Pierre Gasly / Nyck de Vries
2020,Mattia Spini,AlphaTauri,Yuki Tsunoda
2021,Pierre Hamelin,AlphaTauri,Pierre Gasly / Nyck de Vries
2021,Mattia Spini,AlphaTauri,Yuki Tsunoda
2022,Pierre Hamelin,AlphaTauri,Pierre Gasly / Nyck de Vries
2022,Mattia Spini,AlphaTauri,Yuki Tsunoda
2023,Pierre Hamelin,AlphaTauri,Pierre Gasly / Nyck de Vries
2023,Mattia Spini,AlphaTauri,Yuki Tsunoda
2021,Karel Loos,Alpine,Fernando Alonso / Pierre Gasly
2021,Josh Peckett,Alpine,Esteban Ocon
2022,Karel Loos,Alpine,Fernando Alonso / Pierre Gasly
2022,Josh Peckett,Alpine,Esteban Ocon
2023,Karel Loos,Alpine,Fernando Alonso / Pierre Gasly
2023,Josh Peckett,Alpine,Esteban Ocon
2024,Karel Loos,Alpine,Fernando Alonso / Pierre Gasly
2024,Josh Peckett,Alpine,Esteban Ocon
2025,Josh Peckett,Alpine,Jack Doohan
2025,John Hartshorne,Alpine,Pierre Gasly
2026,Josh Peckett,Alpine,Jack Doohan
2026,John Hartshorne,Alpine,Pierre Gasly
1978,Dave Wass,Arrows,Team / All Drivers
1978,John Gentry,Arrows,Team / All Drivers
1979,Dave Wass,Arrows,Team / All Drivers
1979,John Gentry,Arrows,Team / All Drivers
1980,Dave Wass,Arrows,Team / All Drivers
1980,John Gentry,Arrows,Team / All Drivers
1981,Dave Wass,Arrows,Team / All Drivers
1981,John Gentry,Arrows,Team / All Drivers
1982,Dave Wass,Arrows,Team / All Drivers
1982,John Gentry,Arrows,Team / All Drivers
1983,Dave Wass,Arrows,Team / All Drivers
1983,John Gentry,Arrows,Team / All Drivers
1984,Dave Wass,Arrows,Team / All Drivers
1984,John Gentry,Arrows,Team / All Drivers
1985,Dave Wass,Arrows,Team / All Drivers
1985,John Gentry,Arrows,Team / All Drivers
1986,Dave Wass,Arrows,Team / All Drivers
1986,John Gentry,Arrows,Team / All Drivers
1987,Dave Wass,Arrows,Team / All Drivers
1987,John Gentry,Arrows,Team / All Drivers
1988,Dave Wass,Arrows,Team / All Drivers
1988,John Gentry,Arrows,Team / All Drivers
1989,Dave Wass,Arrows,Team / All Drivers
1989,John Gentry,Arrows,Team / All Drivers
1990,Dave Wass,Arrows,Team / All Drivers
1990,John Gentry,Arrows,Team / All Drivers
1991,Dave Wass,Arrows,Team / All Drivers
1991,John Gentry,Arrows,Team / All Drivers
1992,Dave Wass,Arrows,Team / All Drivers
1992,John Gentry,Arrows,Team / All Drivers
1993,Dave Wass,Arrows,Team / All Drivers
1993,John Gentry,Arrows,Team / All Drivers
1994,Dave Wass,Arrows,Team / All Drivers
1994,John Gentry,Arrows,Team / All Drivers
1995,Dave Wass,Arrows,Team / All Drivers
1995,John Gentry,Arrows,Team / All Drivers
1996,Dave Wass,Arrows,Team / All Drivers
1996,John Gentry,Arrows,Team / All Drivers
1997,Dave Wass,Arrows,Team / All Drivers
1997,John Gentry,Arrows,Team / All Drivers
1998,Dave Wass,Arrows,Team / All Drivers
1998,John Gentry,Arrows,Team / All Drivers
1999,Dave Wass,Arrows,Team / All Drivers
1999,John Gentry,Arrows,Team / All Drivers
2000,Dave Wass,Arrows,Team / All Drivers
2000,John Gentry,Arrows,Team / All Drivers
2001,Dave Wass,Arrows,Team / All Drivers
2001,John Gentry,Arrows,Team / All Drivers
2002,Dave Wass,Arrows,Team / All Drivers
2002,John Gentry,Arrows,Team / All Drivers
2021,Chris Cronin,Aston Martin,Sebastian Vettel / Lance Stroll
2021,Ben Michell,Aston Martin,Lance Stroll / Fernando Alonso
2022,Chris Cronin,Aston Martin,Sebastian Vettel / Lance Stroll
2022,Ben Michell,Aston Martin,Lance Stroll / Fernando Alonso
2023,Chris Cronin,Aston Martin,Sebastian Vettel / Lance Stroll
2023,Ben Michell,Aston Martin,Lance Stroll / Fernando Alonso
2024,Chris Cronin,Aston Martin,Sebastian Vettel / Lance Stroll
2024,Ben Michell,Aston Martin,Lance Stroll / Fernando Alonso
2025,Chris Cronin,Aston Martin,Sebastian Vettel / Lance Stroll
2025,Ben Michell,Aston Martin,Lance Stroll / Fernando Alonso
2026,Chris Cronin,Aston Martin,Sebastian Vettel / Lance Stroll
2026,Ben Michell,Aston Martin,Lance Stroll / Fernando Alonso
2026,James Key,Audi,Team / All Drivers
1999,Jock Clear,BAR,Jacques Villeneuve / Takuma Sato
1999,Craig Wilson,BAR,Jenson Button
2000,Jock Clear,BAR,Jacques Villeneuve / Takuma Sato
2000,Craig Wilson,BAR,Jenson Button
2001,Jock Clear,BAR,Jacques Villeneuve / Takuma Sato
2001,Craig Wilson,BAR,Jenson Button
2002,Jock Clear,BAR,Jacques Villeneuve / Takuma Sato
2002,Craig Wilson,BAR,Jenson Button
2003,Jock Clear,BAR,Jacques Villeneuve / Takuma Sato
2003,Craig Wilson,BAR,Jenson Button
2004,Jock Clear,BAR,Jacques Villeneuve / Takuma Sato
2004,Craig Wilson,BAR,Jenson Button
2005,Jock Clear,BAR,Jacques Villeneuve / Takuma Sato
2005,Craig Wilson,BAR,Jenson Button
2006,Willy Rampf,BMW Sauber,Team / All Drivers
2006,Walter Riedl,BMW Sauber,Team / All Drivers
2007,Willy Rampf,BMW Sauber,Team / All Drivers
2007,Walter Riedl,BMW Sauber,Team / All Drivers
2008,Willy Rampf,BMW Sauber,Team / All Drivers
2008,Walter Riedl,BMW Sauber,Team / All Drivers
2009,Willy Rampf,BMW Sauber,Team / All Drivers
2009,Walter Riedl,BMW Sauber,Team / All Drivers
1950,Tony Rudd,BRM,Team / All Drivers
1950,Peter Wright,BRM,Team / All Drivers
1951,Tony Rudd,BRM,Team / All Drivers
1951,Peter Wright,BRM,Team / All Drivers
1952,Tony Rudd,BRM,Team / All Drivers
1952,Peter Wright,BRM,Team / All Drivers
1953,Tony Rudd,BRM,Team / All Drivers
1953,Peter Wright,BRM,Team / All Drivers
1954,Tony Rudd,BRM,Team / All Drivers
1954,Peter Wright,BRM,Team / All Drivers
1955,Tony Rudd,BRM,Team / All Drivers
1955,Peter Wright,BRM,Team / All Drivers
1956,Tony Rudd,BRM,Team / All Drivers
1956,Peter Wright,BRM,Team / All Drivers
1957,Tony Rudd,BRM,Team / All Drivers
1957,Peter Wright,BRM,Team / All Drivers
1958,Tony Rudd,BRM,Team / All Drivers
1958,Peter Wright,BRM,Team / All Drivers
1959,Tony Rudd,BRM,Team / All Drivers
1959,Peter Wright,BRM,Team / All Drivers
1960,Tony Rudd,BRM,Team / All Drivers
1960,Peter Wright,BRM,Team / All Drivers
1961,Tony Rudd,BRM,Team / All Drivers
1961,Peter Wright,BRM,Team / All Drivers
1962,Tony Rudd,BRM,Team / All Drivers
1962,Peter Wright,BRM,Team / All Drivers
1963,Tony Rudd,BRM,Team / All Drivers
1963,Peter Wright,BRM,Team / All Drivers
1964,Tony Rudd,BRM,Team / All Drivers
1964,Peter Wright,BRM,Team / All Drivers
1965,Tony Rudd,BRM,Team / All Drivers
1965,Peter Wright,BRM,Team / All Drivers
1966,Tony Rudd,BRM,Team / All Drivers
1966,Peter Wright,BRM,Team / All Drivers
1967,Tony Rudd,BRM,Team / All Drivers
1967,Peter Wright,BRM,Team / All Drivers
1968,Tony Rudd,BRM,Team / All Drivers
1968,Peter Wright,BRM,Team / All Drivers
1969,Tony Rudd,BRM,Team / All Drivers
1969,Peter Wright,BRM,Team / All Drivers
1970,Tony Rudd,BRM,Team / All Drivers
1970,Peter Wright,BRM,Team / All Drivers
1971,Tony Rudd,BRM,Team / All Drivers
1971,Peter Wright,BRM,Team / All Drivers
1972,Tony Rudd,BRM,Team / All Drivers
1972,Peter Wright,BRM,Team / All Drivers
1973,Tony Rudd,BRM,Team / All Drivers
1973,Peter Wright,BRM,Team / All Drivers
1974,Tony Rudd,BRM,Team / All Drivers
1974,Peter Wright,BRM,Team / All Drivers
1975,Tony Rudd,BRM,Team / All Drivers
1975,Peter Wright,BRM,Team / All Drivers
1976,Tony Rudd,BRM,Team / All Drivers
1976,Peter Wright,BRM,Team / All Drivers
1977,Tony Rudd,BRM,Team / All Drivers
1977,Peter Wright,BRM,Team / All Drivers
1958,Tony Robinson,BRP,Team / All Drivers
1959,Tony Robinson,BRP,Team / All Drivers
1960,Tony Robinson,BRP,Team / All Drivers
1961,Tony Robinson,BRP,Team / All Drivers
1962,Tony Robinson,BRP,Team / All Drivers
1963,Tony Robinson,BRP,Team / All Drivers
1964,Tony Robinson,BRP,Team / All Drivers
1986,Rory Byrne,Benetton,Team / All Drivers
1987,Rory Byrne,Benetton,Team / All Drivers
1988,Rory Byrne,Benetton,Team / All Drivers
1989,Rory Byrne,Benetton,Team / All Drivers
1990,Rory Byrne,Benetton,Team / All Drivers
1991,Pat Symonds,Benetton,Michael Schumacher
1991,James Allison,Benetton,Team / All Drivers
1992,Pat Symonds,Benetton,Michael Schumacher
1992,James Allison,Benetton,Team / All Drivers
1993,Pat Symonds,Benetton,Michael Schumacher
1993,James Allison,Benetton,Team / All Drivers
1994,Pat Symonds,Benetton,Michael Schumacher
1994,James Allison,Benetton,Team / All Drivers
1995,Pat Symonds,Benetton,Michael Schumacher
1995,James Allison,Benetton,Team / All Drivers
1996,Pat Symonds,Benetton,Michael Schumacher
1996,James Allison,Benetton,Team / All Drivers
1997,Pat Symonds,Benetton,Michael Schumacher
1997,James Allison,Benetton,Team / All Drivers
1998,Pat Symonds,Benetton,Michael Schumacher
1998,James Allison,Benetton,Team / All Drivers
1999,Pat Symonds,Benetton,Michael Schumacher
1999,James Allison,Benetton,Team / All Drivers
2000,Pat Symonds,Benetton,Michael Schumacher
2000,James Allison,Benetton,Team / All Drivers
2001,Pat Symonds,Benetton,Michael Schumacher
2001,James Allison,Benetton,Team / All Drivers
1962,Ron Tauranac,Brabham,Team / All Drivers
1963,Ron Tauranac,Brabham,Team / All Drivers
1964,Ron Tauranac,Brabham,Team / All Drivers
1965,Ron Tauranac,Brabham,Team / All Drivers
1966,Ron Tauranac,Brabham,Team / All Drivers
1967,Ron Tauranac,Brabham,Team / All Drivers
1968,Ron Tauranac,Brabham,Team / All Drivers
1969,Ron Tauranac,Brabham,Team / All Drivers
1970,Ron Tauranac,Brabham,Team / All Drivers
1971,Ron Tauranac,Brabham,Team / All Drivers
1972,Gordon Murray,Brabham,Team / All Drivers
1972,David North,Brabham,Team / All Drivers
1973,Gordon Murray,Brabham,Team / All Drivers
1973,David North,Brabham,Team / All Drivers
1974,Gordon Murray,Brabham,Team / All Drivers
1974,David North,Brabham,Team / All Drivers
1975,Gordon Murray,Brabham,Team / All Drivers
1975,David North,Brabham,Team / All Drivers
1976,Gordon Murray,Brabham,Team / All Drivers
1976,David North,Brabham,Team / All Drivers
1977,Gordon Murray,Brabham,Team / All Drivers
1977,David North,Brabham,Team / All Drivers
1978,Gordon Murray,Brabham,Team / All Drivers
1978,David North,Brabham,Team / All Drivers
1979,Gordon Murray,Brabham,Team / All Drivers
1979,David North,Brabham,Team / All Drivers
1980,Gordon Murray,Brabham,Team / All Drivers
1980,David North,Brabham,Team / All Drivers
1981,Gordon Murray,Brabham,Team / All Drivers
1981,David North,Brabham,Team / All Drivers
1982,Gordon Murray,Brabham,Team / All Drivers
1982,David North,Brabham,Team / All Drivers
1983,Gordon Murray,Brabham,Team / All Drivers
1983,David North,Brabham,Team / All Drivers
1984,Gordon Murray,Brabham,Team / All Drivers
1984,David North,Brabham,Team / All Drivers
1985,Gordon Murray,Brabham,Team / All Drivers
1985,David North,Brabham,Team / All Drivers
1986,Gordon Murray,Brabham,Team / All Drivers
1986,David North,Brabham,Team / All Drivers
1987,Gordon Murray,Brabham,Team / All Drivers
1987,David North,Brabham,Team / All Drivers
1988,Sergio Rinland,Brabham,Team / All Drivers
1989,Sergio Rinland,Brabham,Team / All Drivers
1990,Sergio Rinland,Brabham,Team / All Drivers
1991,Sergio Rinland,Brabham,Team / All Drivers
1992,Sergio Rinland,Brabham,Team / All Drivers
2009,Andrew Shovlin,Brawn,Jenson Button
2009,Jock Clear,Brawn,Rubens Barrichello
2026,Pat Symonds,Cadillac,Team / All Drivers
2012,Mark Smith,Caterham,Team / All Drivers
2013,Mark Smith,Caterham,Team / All Drivers
2014,Mark Smith,Caterham,Team / All Drivers
1950,Owen Maddock,Cooper,Team / All Drivers
1951,Owen Maddock,Cooper,Team / All Drivers
1952,Owen Maddock,Cooper,Team / All Drivers
1953,Owen Maddock,Cooper,Team / All Drivers
1954,Owen Maddock,Cooper,Team / All Drivers
1955,Owen Maddock,Cooper,Team / All Drivers
1956,Owen Maddock,Cooper,Team / All Drivers
1957,Owen Maddock,Cooper,Team / All Drivers
1958,Owen Maddock,Cooper,Team / All Drivers
1959,Owen Maddock,Cooper,Team / All Drivers
1960,Owen Maddock,Cooper,Team / All Drivers
1961,Owen Maddock,Cooper,Team / All Drivers
1962,Owen Maddock,Cooper,Team / All Drivers
1963,Owen Maddock,Cooper,Team / All Drivers
1964,Owen Maddock,Cooper,Team / All Drivers
1965,Owen Maddock,Cooper,Team / All Drivers
1966,Owen Maddock,Cooper,Team / All Drivers
1967,Owen Maddock,Cooper,Team / All Drivers
1968,Owen Maddock,Cooper,Team / All Drivers
1969,Owen Maddock,Cooper,Team / All Drivers
1988,Gianpaolo Dallara,Dallara,Team / All Drivers
1989,Gianpaolo Dallara,Dallara,Team / All Drivers
1990,Gianpaolo Dallara,Dallara,Team / All Drivers
1991,Gianpaolo Dallara,Dallara,Team / All Drivers
1992,Gianpaolo Dallara,Dallara,Team / All Drivers
1966,Len Terry,Eagle,Team / All Drivers
1967,Len Terry,Eagle,Team / All Drivers
1968,Len Terry,Eagle,Team / All Drivers
1973,Morris Nunn,Ensign,Team / All Drivers
1974,Morris Nunn,Ensign,Team / All Drivers
1975,Morris Nunn,Ensign,Team / All Drivers
1976,Morris Nunn,Ensign,Team / All Drivers
1977,Morris Nunn,Ensign,Team / All Drivers
1978,Morris Nunn,Ensign,Team / All Drivers
1979,Morris Nunn,Ensign,Team / All Drivers
1980,Morris Nunn,Ensign,Team / All Drivers
1981,Morris Nunn,Ensign,Team / All Drivers
1982,Morris Nunn,Ensign,Team / All Drivers
1950,Carlo Chiti,Ferrari,Team / All Drivers
1951,Carlo Chiti,Ferrari,Team / All Drivers
1952,Carlo Chiti,Ferrari,Team / All Drivers
1953,Carlo Chiti,Ferrari,Team / All Drivers
1954,Carlo Chiti,Ferrari,Team / All Drivers
1955,Carlo Chiti,Ferrari,Team / All Drivers
1956,Carlo Chiti,Ferrari,Team / All Drivers
1957,Carlo Chiti,Ferrari,Team / All Drivers
1958,Carlo Chiti,Ferrari,Team / All Drivers
1959,Carlo Chiti,Ferrari,Team / All Drivers
1960,Carlo Chiti,Ferrari,Team / All Drivers
1961,Carlo Chiti,Ferrari,Team / All Drivers
1962,Mauro Forghieri,Ferrari,Team / All Drivers
1963,Mauro Forghieri,Ferrari,Team / All Drivers
1964,Mauro Forghieri,Ferrari,Team / All Drivers
1965,Mauro Forghieri,Ferrari,Team / All Drivers
1966,Mauro Forghieri,Ferrari,Team / All Drivers
1967,Mauro Forghieri,Ferrari,Team / All Drivers
1968,Mauro Forghieri,Ferrari,Team / All Drivers
1969,Mauro Forghieri,Ferrari,Team / All Drivers
1970,Mauro Forghieri,Ferrari,Team / All Drivers
1971,Mauro Forghieri,Ferrari,Team / All Drivers
1972,Mauro Forghieri,Ferrari,Team / All Drivers
1973,Mauro Forghieri,Ferrari,Team / All Drivers
1974,Mauro Forghieri,Ferrari,Team / All Drivers
1975,Mauro Forghieri,Ferrari,Team / All Drivers
1976,Mauro Forghieri,Ferrari,Team / All Drivers
1977,Mauro Forghieri,Ferrari,Team / All Drivers
1978,Mauro Forghieri,Ferrari,Team / All Drivers
1979,Mauro Forghieri,Ferrari,Team / All Drivers
1980,Mauro Forghieri,Ferrari,Team / All Drivers
1981,Mauro Forghieri,Ferrari,Team / All Drivers
1982,Mauro Forghieri,Ferrari,Team / All Drivers
1983,Mauro Forghieri,Ferrari,Team / All Drivers
1984,Mauro Forghieri,Ferrari,Team / All Drivers
1985,Harvey Postlethwaite,Ferrari,Team / All Drivers
1986,Harvey Postlethwaite,Ferrari,Team / All Drivers
1987,Harvey Postlethwaite,Ferrari,Team / All Drivers
1988,Harvey Postlethwaite,Ferrari,Team / All Drivers
1989,Steve Nichols,Ferrari,Team / All Drivers
1990,Steve Nichols,Ferrari,Team / All Drivers
1991,Steve Nichols,Ferrari,Team / All Drivers
1992,John Barnard,Ferrari,Team / All Drivers
1993,John Barnard,Ferrari,Team / All Drivers
1994,John Barnard,Ferrari,Team / All Drivers
1995,John Barnard,Ferrari,Team / All Drivers
1996,Ross Brawn,Ferrari,Team / All Drivers
1996,Chris Dyer,Ferrari,Michael Schumacher
1997,Ross Brawn,Ferrari,Team / All Drivers
1997,Chris Dyer,Ferrari,Michael Schumacher
1998,Ross Brawn,Ferrari,Team / All Drivers
1998,Chris Dyer,Ferrari,Michael Schumacher
1999,Ross Brawn,Ferrari,Team / All Drivers
1999,Chris Dyer,Ferrari,Michael Schumacher
2000,Ross Brawn,Ferrari,Team / All Drivers
2000,Chris Dyer,Ferrari,Michael Schumacher
2001,Ross Brawn,Ferrari,Team / All Drivers
2001,Chris Dyer,Ferrari,Michael Schumacher
2002,Ross Brawn,Ferrari,Team / All Drivers
2002,Chris Dyer,Ferrari,Michael Schumacher
2003,Chris Dyer,Ferrari,Michael Schumacher
2003,Rob Smedley,Ferrari,Felipe Massa
2004,Chris Dyer,Ferrari,Michael Schumacher
2004,Rob Smedley,Ferrari,Felipe Massa
2005,Chris Dyer,Ferrari,Michael Schumacher
2005,Rob Smedley,Ferrari,Felipe Massa
2006,Chris Dyer,Ferrari,Michael Schumacher
2006,Rob Smedley,Ferrari,Felipe Massa
2007,Chris Dyer,Ferrari,Kimi Räikkönen
2007,Rob Smedley,Ferrari,Felipe Massa
2008,Chris Dyer,Ferrari,Kimi Räikkönen
2008,Rob Smedley,Ferrari,Felipe Massa
2009,Andrea Stella,Ferrari,Kimi Räikkönen
2009,Rob Smedley,Ferrari,Felipe Massa
2010,Andrea Stella,Ferrari,Fernando Alonso
2010,Rob Smedley,Ferrari,Felipe Massa
2011,Andrea Stella,Ferrari,Fernando Alonso
2011,Rob Smedley,Ferrari,Felipe Massa
2012,Andrea Stella,Ferrari,Fernando Alonso
2012,Rob Smedley,Ferrari,Felipe Massa
2013,Andrea Stella,Ferrari,Fernando Alonso
2013,Rob Smedley,Ferrari,Felipe Massa
2014,Andrea Stella,Ferrari,Fernando Alonso
2014,Rob Smedley,Ferrari,Felipe Massa
2015,Riccardo Adami,Ferrari,Sebastian Vettel
2015,Dave Greenwood,Ferrari,Kimi Räikkönen
2016,Riccardo Adami,Ferrari,Sebastian Vettel
2016,Dave Greenwood,Ferrari,Kimi Räikkönen
2017,Riccardo Adami,Ferrari,Sebastian Vettel
2017,Dave Greenwood,Ferrari,Kimi Räikkönen
2018,Riccardo Adami,Ferrari,Sebastian Vettel
2018,Carlo Santi,Ferrari,Kimi Räikkönen
2019,Riccardo Adami,Ferrari,Sebastian Vettel
2019,Xavier Marcos Padros,Ferrari,Charles Leclerc
2020,Riccardo Adami,Ferrari,Sebastian Vettel
2020,Xavier Marcos Padros,Ferrari,Charles Leclerc
2021,Riccardo Adami,Ferrari,Carlos Sainz
2021,Xavier Marcos Padros,Ferrari,Charles Leclerc
2022,Riccardo Adami,Ferrari,Carlos Sainz
2022,Xavier Marcos Padros,Ferrari,Charles Leclerc
2023,Riccardo Adami,Ferrari,Carlos Sainz
2023,Xavier Marcos Padros,Ferrari,Charles Leclerc
2024,Riccardo Adami,Ferrari,Carlos Sainz
2024,Bryan Bozzi,Ferrari,Charles Leclerc
2025,Bryan Bozzi,Ferrari,Charles Leclerc
2025,Cédric Oondo-Mezui,Ferrari,Lewis Hamilton
2026,Bryan Bozzi,Ferrari,Charles Leclerc
2026,Cédric Oondo-Mezui,Ferrari,Lewis Hamilton
1975,Richard Divila,Fittipaldi,Team / All Drivers
1976,Richard Divila,Fittipaldi,Team / All Drivers
1977,Richard Divila,Fittipaldi,Team / All Drivers
1978,Richard Divila,Fittipaldi,Team / All Drivers
1979,Richard Divila,Fittipaldi,Team / All Drivers
1980,Richard Divila,Fittipaldi,Team / All Drivers
1981,Richard Divila,Fittipaldi,Team / All Drivers
1982,Richard Divila,Fittipaldi,Team / All Drivers
1991,Alan Jenkins,Footwork,Team / All Drivers
1992,Alan Jenkins,Footwork,Team / All Drivers
1993,Alan Jenkins,Footwork,Team / All Drivers
1994,Alan Jenkins,Footwork,Team / All Drivers
1995,Alan Jenkins,Footwork,Team / All Drivers
1996,Alan Jenkins,Footwork,Team / All Drivers
2008,Bradley Joyce,Force India,Adrian Sutil / Nico Hülkenberg
2008,Andy Lami,Force India,Giancarlo Fisichella / Sergio Pérez
2009,Bradley Joyce,Force India,Adrian Sutil / Nico Hülkenberg
2009,Andy Lami,Force India,Giancarlo Fisichella / Sergio Pérez
2010,Bradley Joyce,Force India,Adrian Sutil / Nico Hülkenberg
2010,Andy Lami,Force India,Giancarlo Fisichella / Sergio Pérez
2011,Bradley Joyce,Force India,Adrian Sutil / Nico Hülkenberg
2011,Andy Lami,Force India,Giancarlo Fisichella / Sergio Pérez
2012,Bradley Joyce,Force India,Adrian Sutil / Nico Hülkenberg
2012,Andy Lami,Force India,Giancarlo Fisichella / Sergio Pérez
2013,Bradley Joyce,Force India,Adrian Sutil / Nico Hülkenberg
2013,Andy Lami,Force India,Giancarlo Fisichella / Sergio Pérez
2014,Bradley Joyce,Force India,Adrian Sutil / Nico Hülkenberg
2014,Andy Lami,Force India,Giancarlo Fisichella / Sergio Pérez
2015,Bradley Joyce,Force India,Adrian Sutil / Nico Hülkenberg
2015,Andy Lami,Force India,Giancarlo Fisichella / Sergio Pérez
2016,Bradley Joyce,Force India,Adrian Sutil / Nico Hülkenberg
2016,Andy Lami,Force India,Giancarlo Fisichella / Sergio Pérez
2017,Bradley Joyce,Force India,Adrian Sutil / Nico Hülkenberg
2017,Andy Lami,Force India,Giancarlo Fisichella / Sergio Pérez
2018,Bradley Joyce,Force India,Adrian Sutil / Nico Hülkenberg
2018,Andy Lami,Force India,Giancarlo Fisichella / Sergio Pérez
1969,Patrick Head,Frank Williams Racing Cars,Team / All Drivers
1970,Patrick Head,Frank Williams Racing Cars,Team / All Drivers
1971,Patrick Head,Frank Williams Racing Cars,Team / All Drivers
1972,Patrick Head,Frank Williams Racing Cars,Team / All Drivers
1973,Patrick Head,Frank Williams Racing Cars,Team / All Drivers
1974,Patrick Head,Frank Williams Racing Cars,Team / All Drivers
1975,Patrick Head,Frank Williams Racing Cars,Team / All Drivers
1976,Patrick Head,Frank Williams Racing Cars,Team / All Drivers
2010,Toni Cuquerella,HRT,Team / All Drivers
2011,Toni Cuquerella,HRT,Team / All Drivers
2012,Toni Cuquerella,HRT,Team / All Drivers
2016,Gary Gannon,Haas,Romain Grosjean
2016,Dominic Haines,Haas,Kevin Magnussen
2017,Gary Gannon,Haas,Romain Grosjean
2017,Dominic Haines,Haas,Kevin Magnussen
2018,Gary Gannon,Haas,Romain Grosjean
2018,Dominic Haines,Haas,Kevin Magnussen
2019,Gary Gannon,Haas,Romain Grosjean
2019,Dominic Haines,Haas,Kevin Magnussen
2020,Gary Gannon,Haas,Romain Grosjean
2020,Dominic Haines,Haas,Kevin Magnussen
2021,Gary Gannon,Haas,Mick Schumacher / Kevin Magnussen
2021,Mark Slade,Haas,Kevin Magnussen
2022,Gary Gannon,Haas,Mick Schumacher / Kevin Magnussen
2022,Mark Slade,Haas,Kevin Magnussen
2023,Gary Gannon,Haas,Mick Schumacher / Kevin Magnussen
2023,Mark Slade,Haas,Kevin Magnussen
2024,Gary Gannon,Haas,Mick Schumacher / Kevin Magnussen
2024,Mark Slade,Haas,Kevin Magnussen
2025,Gary Gannon,Haas,Esteban Ocon
2025,Mark Slade,Haas,Oliver Bearman
2026,Gary Gannon,Haas,Esteban Ocon
2026,Mark Slade,Haas,Oliver Bearman
1974,Harvey Postlethwaite,Hesketh,Team / All Drivers
1975,Harvey Postlethwaite,Hesketh,Team / All Drivers
1976,Harvey Postlethwaite,Hesketh,Team / All Drivers
1977,Harvey Postlethwaite,Hesketh,Team / All Drivers
1978,Harvey Postlethwaite,Hesketh,Team / All Drivers
1973,Andy Smallman,Hill,Team / All Drivers
1974,Andy Smallman,Hill,Team / All Drivers
1975,Andy Smallman,Hill,Team / All Drivers
1964,Yoshio Nakamura,Honda,Team / All Drivers
1965,Yoshio Nakamura,Honda,Team / All Drivers
1966,Yoshio Nakamura,Honda,Team / All Drivers
1967,Yoshio Nakamura,Honda,Team / All Drivers
1968,Yoshio Nakamura,Honda,Team / All Drivers
2006,Shuhei Nakamoto,Honda,Team / All Drivers
2007,Shuhei Nakamoto,Honda,Team / All Drivers
2008,Loic Bigois,Honda,Team / All Drivers
1973,John Clarke,Iso-Marlboro,Team / All Drivers
1974,John Clarke,Iso-Marlboro,Team / All Drivers
2000,Malcolm Oastler,Jaguar,Eddie Irvine
2000,Mark Gillan,Jaguar,Mark Webber
2001,Malcolm Oastler,Jaguar,Eddie Irvine
2001,Mark Gillan,Jaguar,Mark Webber
2002,Malcolm Oastler,Jaguar,Eddie Irvine
2002,Mark Gillan,Jaguar,Mark Webber
2003,Malcolm Oastler,Jaguar,Eddie Irvine
2003,Mark Gillan,Jaguar,Mark Webber
2004,Malcolm Oastler,Jaguar,Eddie Irvine
2004,Mark Gillan,Jaguar,Mark Webber
1991,Gary Anderson,Jordan,Team / All Drivers
1992,Gary Anderson,Jordan,Team / All Drivers
1993,Gary Anderson,Jordan,Team / All Drivers
1994,Gary Anderson,Jordan,Team / All Drivers
1995,Gary Anderson,Jordan,Team / All Drivers
1996,Gary Anderson,Jordan,Team / All Drivers
1997,Gary Anderson,Jordan,Team / All Drivers
1998,Sam Michael,Jordan,Heinz-Harald Frentzen
1998,Andrew Green,Jordan,Ralf Schumacher / Giancarlo Fisichella
1999,Sam Michael,Jordan,Heinz-Harald Frentzen
1999,Andrew Green,Jordan,Ralf Schumacher / Giancarlo Fisichella
2000,Sam Michael,Jordan,Heinz-Harald Frentzen
2000,Andrew Green,Jordan,Ralf Schumacher / Giancarlo Fisichella
2001,Sam Michael,Jordan,Heinz-Harald Frentzen
2001,Andrew Green,Jordan,Ralf Schumacher / Giancarlo Fisichella
2002,Sam Michael,Jordan,Heinz-Harald Frentzen
2002,Andrew Green,Jordan,Ralf Schumacher / Giancarlo Fisichella
2003,Sam Michael,Jordan,Heinz-Harald Frentzen
2003,Andrew Green,Jordan,Ralf Schumacher / Giancarlo Fisichella
2004,Sam Michael,Jordan,Heinz-Harald Frentzen
2004,Andrew Green,Jordan,Ralf Schumacher / Giancarlo Fisichella
2005,Sam Michael,Jordan,Heinz-Harald Frentzen
2005,Andrew Green,Jordan,Ralf Schumacher / Giancarlo Fisichella
2024,Jorn Becker,Kick Sauber,Valtteri Bottas
2024,Steven Petrik,Kick Sauber,Zhou Guanyu
2025,Jorn Becker,Kick Sauber,Valtteri Bottas
2025,Steven Petrik,Kick Sauber,Zhou Guanyu
2026,Jorn Becker,Kick Sauber,Valtteri Bottas
2026,Steven Petrik,Kick Sauber,Zhou Guanyu
1987,Gérard Larrousse,Larrousse,Team / All Drivers
1987,Michel Tetu,Larrousse,Team / All Drivers
1988,Gérard Larrousse,Larrousse,Team / All Drivers
1988,Michel Tetu,Larrousse,Team / All Drivers
1989,Gérard Larrousse,Larrousse,Team / All Drivers
1989,Michel Tetu,Larrousse,Team / All Drivers
1990,Gérard Larrousse,Larrousse,Team / All Drivers
1990,Michel Tetu,Larrousse,Team / All Drivers
1991,Gérard Larrousse,Larrousse,Team / All Drivers
1991,Michel Tetu,Larrousse,Team / All Drivers
1992,Gérard Larrousse,Larrousse,Team / All Drivers
1992,Michel Tetu,Larrousse,Team / All Drivers
1993,Gérard Larrousse,Larrousse,Team / All Drivers
1993,Michel Tetu,Larrousse,Team / All Drivers
1994,Gérard Larrousse,Larrousse,Team / All Drivers
1994,Michel Tetu,Larrousse,Team / All Drivers
1990,Adrian Newey,Leyton House,Team / All Drivers
1991,Adrian Newey,Leyton House,Team / All Drivers
1976,Michel Beaujon,Ligier,Team / All Drivers
1976,Gerard Ducarouge,Ligier,Team / All Drivers
1977,Michel Beaujon,Ligier,Team / All Drivers
1977,Gerard Ducarouge,Ligier,Team / All Drivers
1978,Michel Beaujon,Ligier,Team / All Drivers
1978,Gerard Ducarouge,Ligier,Team / All Drivers
1979,Michel Beaujon,Ligier,Team / All Drivers
1979,Gerard Ducarouge,Ligier,Team / All Drivers
1980,Michel Beaujon,Ligier,Team / All Drivers
1980,Gerard Ducarouge,Ligier,Team / All Drivers
1981,Michel Beaujon,Ligier,Team / All Drivers
1981,Gerard Ducarouge,Ligier,Team / All Drivers
1982,Michel Beaujon,Ligier,Team / All Drivers
1982,Gerard Ducarouge,Ligier,Team / All Drivers
1983,Michel Beaujon,Ligier,Team / All Drivers
1983,Gerard Ducarouge,Ligier,Team / All Drivers
1984,Michel Beaujon,Ligier,Team / All Drivers
1984,Gerard Ducarouge,Ligier,Team / All Drivers
1985,Michel Beaujon,Ligier,Team / All Drivers
1985,Gerard Ducarouge,Ligier,Team / All Drivers
1986,Michel Beaujon,Ligier,Team / All Drivers
1986,Gerard Ducarouge,Ligier,Team / All Drivers
1987,Michel Beaujon,Ligier,Team / All Drivers
1987,Gerard Ducarouge,Ligier,Team / All Drivers
1988,Michel Beaujon,Ligier,Team / All Drivers
1988,Gerard Ducarouge,Ligier,Team / All Drivers
1989,Michel Beaujon,Ligier,Team / All Drivers
1989,Gerard Ducarouge,Ligier,Team / All Drivers
1990,Michel Beaujon,Ligier,Team / All Drivers
1990,Gerard Ducarouge,Ligier,Team / All Drivers
1991,Michel Beaujon,Ligier,Team / All Drivers
1991,Gerard Ducarouge,Ligier,Team / All Drivers
1992,Michel Beaujon,Ligier,Team / All Drivers
1992,Gerard Ducarouge,Ligier,Team / All Drivers
1993,Michel Beaujon,Ligier,Team / All Drivers
1993,Gerard Ducarouge,Ligier,Team / All Drivers
1994,Michel Beaujon,Ligier,Team / All Drivers
1994,Gerard Ducarouge,Ligier,Team / All Drivers
1995,Michel Beaujon,Ligier,Team / All Drivers
1995,Gerard Ducarouge,Ligier,Team / All Drivers
1996,Michel Beaujon,Ligier,Team / All Drivers
1996,Gerard Ducarouge,Ligier,Team / All Drivers
1962,Eric Broadley,Lola,Team / All Drivers
1963,Eric Broadley,Lola,Team / All Drivers
1964,Eric Broadley,Lola,Team / All Drivers
1965,Eric Broadley,Lola,Team / All Drivers
1966,Eric Broadley,Lola,Team / All Drivers
1967,Eric Broadley,Lola,Team / All Drivers
1968,Eric Broadley,Lola,Team / All Drivers
1969,Eric Broadley,Lola,Team / All Drivers
1970,Eric Broadley,Lola,Team / All Drivers
1971,Eric Broadley,Lola,Team / All Drivers
1972,Eric Broadley,Lola,Team / All Drivers
1973,Eric Broadley,Lola,Team / All Drivers
1974,Eric Broadley,Lola,Team / All Drivers
1975,Eric Broadley,Lola,Team / All Drivers
1976,Eric Broadley,Lola,Team / All Drivers
1977,Eric Broadley,Lola,Team / All Drivers
1978,Eric Broadley,Lola,Team / All Drivers
1979,Eric Broadley,Lola,Team / All Drivers
1980,Eric Broadley,Lola,Team / All Drivers
1981,Eric Broadley,Lola,Team / All Drivers
1982,Eric Broadley,Lola,Team / All Drivers
1983,Eric Broadley,Lola,Team / All Drivers
1984,Eric Broadley,Lola,Team / All Drivers
1985,Eric Broadley,Lola,Team / All Drivers
1986,Eric Broadley,Lola,Team / All Drivers
1987,Eric Broadley,Lola,Team / All Drivers
1988,Eric Broadley,Lola,Team / All Drivers
1989,Eric Broadley,Lola,Team / All Drivers
1990,Eric Broadley,Lola,Team / All Drivers
1991,Eric Broadley,Lola,Team / All Drivers
1992,Eric Broadley,Lola,Team / All Drivers
1993,Eric Broadley,Lola,Team / All Drivers
1994,Eric Broadley,Lola,Team / All Drivers
1995,Eric Broadley,Lola,Team / All Drivers
1996,Eric Broadley,Lola,Team / All Drivers
1997,Eric Broadley,Lola,Team / All Drivers
1958,Colin Chapman,Lotus,Team / All Drivers
1959,Colin Chapman,Lotus,Team / All Drivers
1960,Colin Chapman,Lotus,Team / All Drivers
1961,Colin Chapman,Lotus,Team / All Drivers
1962,Colin Chapman,Lotus,Team / All Drivers
1963,Colin Chapman,Lotus,Team / All Drivers
1964,Colin Chapman,Lotus,Team / All Drivers
1965,Colin Chapman,Lotus,Team / All Drivers
1966,Colin Chapman,Lotus,Team / All Drivers
1967,Colin Chapman,Lotus,Team / All Drivers
1968,Colin Chapman,Lotus,Team / All Drivers
1969,Colin Chapman,Lotus,Team / All Drivers
1970,Colin Chapman,Lotus,Team / All Drivers
1971,Colin Chapman,Lotus,Team / All Drivers
1972,Colin Chapman,Lotus,Team / All Drivers
1973,Colin Chapman,Lotus,Team / All Drivers
1974,Colin Chapman,Lotus,Team / All Drivers
1975,Colin Chapman,Lotus,Team / All Drivers
1976,Colin Chapman,Lotus,Team / All Drivers
1977,Colin Chapman,Lotus,Team / All Drivers
1978,Colin Chapman,Lotus,Team / All Drivers
1979,Colin Chapman,Lotus,Team / All Drivers
1980,Colin Chapman,Lotus,Team / All Drivers
1981,Colin Chapman,Lotus,Team / All Drivers
1982,Colin Chapman,Lotus,Team / All Drivers
1983,Peter Warr,Lotus,Team / All Drivers
1983,Martin Ogilvie,Lotus,Team / All Drivers
1984,Peter Warr,Lotus,Team / All Drivers
1984,Martin Ogilvie,Lotus,Team / All Drivers
1985,Peter Warr,Lotus,Team / All Drivers
1985,Martin Ogilvie,Lotus,Team / All Drivers
1986,Peter Warr,Lotus,Team / All Drivers
1986,Martin Ogilvie,Lotus,Team / All Drivers
1987,Peter Warr,Lotus,Team / All Drivers
1987,Martin Ogilvie,Lotus,Team / All Drivers
1988,Peter Warr,Lotus,Team / All Drivers
1988,Martin Ogilvie,Lotus,Team / All Drivers
1989,Peter Warr,Lotus,Team / All Drivers
1989,Martin Ogilvie,Lotus,Team / All Drivers
1990,Peter Warr,Lotus,Team / All Drivers
1990,Martin Ogilvie,Lotus,Team / All Drivers
1991,Peter Collins,Lotus,Team / All Drivers
1991,Chris Murphy,Lotus,Team / All Drivers
1992,Peter Collins,Lotus,Team / All Drivers
1992,Chris Murphy,Lotus,Team / All Drivers
1993,Peter Collins,Lotus,Team / All Drivers
1993,Chris Murphy,Lotus,Team / All Drivers
1994,Peter Collins,Lotus,Team / All Drivers
1994,Chris Murphy,Lotus,Team / All Drivers
2010,Mike Gascoyne,Lotus Racing,Team / All Drivers
2011,Mike Gascoyne,Lotus Racing,Team / All Drivers
2016,John McQuilliam,Manor,Team / All Drivers
1970,Robin Herd,March,Team / All Drivers
1971,Robin Herd,March,Team / All Drivers
1972,Robin Herd,March,Team / All Drivers
1973,Robin Herd,March,Team / All Drivers
1974,Robin Herd,March,Team / All Drivers
1975,Robin Herd,March,Team / All Drivers
1976,Robin Herd,March,Team / All Drivers
1977,Robin Herd,March,Team / All Drivers
1981,Robin Herd,March,Team / All Drivers
1982,Robin Herd,March,Team / All Drivers
1987,Adrian Newey,March,Team / All Drivers
1988,Adrian Newey,March,Team / All Drivers
1989,Adrian Newey,March,Team / All Drivers
1992,Gustav Brunner,March,Team / All Drivers
2012,John Booth,Marussia,Team / All Drivers
2013,John Booth,Marussia,Team / All Drivers
2014,John Booth,Marussia,Team / All Drivers
2015,John Booth,Marussia,Team / All Drivers
1950,Vittorio Bellentani,Maserati,Team / All Drivers
1951,Vittorio Bellentani,Maserati,Team / All Drivers
1952,Vittorio Bellentani,Maserati,Team / All Drivers
1953,Vittorio Bellentani,Maserati,Team / All Drivers
1954,Vittorio Bellentani,Maserati,Team / All Drivers
1955,Vittorio Bellentani,Maserati,Team / All Drivers
1956,Vittorio Bellentani,Maserati,Team / All Drivers
1957,Vittorio Bellentani,Maserati,Team / All Drivers
1968,Bernard Boyer,Matra,Team / All Drivers
1969,Bernard Boyer,Matra,Team / All Drivers
1970,Bernard Boyer,Matra,Team / All Drivers
1971,Bernard Boyer,Matra,Team / All Drivers
1972,Bernard Boyer,Matra,Team / All Drivers
1966,Tyler Alexander,McLaren,Team / All Drivers
1967,Tyler Alexander,McLaren,Team / All Drivers
1968,Tyler Alexander,McLaren,Team / All Drivers
1969,Tyler Alexander,McLaren,Team / All Drivers
1970,Tyler Alexander,McLaren,Team / All Drivers
1971,Tyler Alexander,McLaren,Team / All Drivers
1972,Tyler Alexander,McLaren,Team / All Drivers
1973,Tyler Alexander,McLaren,Team / All Drivers
1974,Tyler Alexander,McLaren,Team / All Drivers
1975,Tyler Alexander,McLaren,Team / All Drivers
1976,Tyler Alexander,McLaren,Team / All Drivers
1977,Tyler Alexander,McLaren,Team / All Drivers
1978,Tyler Alexander,McLaren,Team / All Drivers
1979,Tyler Alexander,McLaren,Team / All Drivers
1980,Tyler Alexander,McLaren,Team / All Drivers
1981,John Barnard,McLaren,Team / All Drivers
1981,Steve Nichols,McLaren,Alain Prost / Ayrton Senna
1982,John Barnard,McLaren,Team / All Drivers
1982,Steve Nichols,McLaren,Alain Prost / Ayrton Senna
1983,John Barnard,McLaren,Team / All Drivers
1983,Steve Nichols,McLaren,Alain Prost / Ayrton Senna
1984,John Barnard,McLaren,Team / All Drivers
1984,Steve Nichols,McLaren,Alain Prost / Ayrton Senna
1985,John Barnard,McLaren,Team / All Drivers
1985,Steve Nichols,McLaren,Alain Prost / Ayrton Senna
1986,John Barnard,McLaren,Team / All Drivers
1986,Steve Nichols,McLaren,Alain Prost / Ayrton Senna
1987,John Barnard,McLaren,Team / All Drivers
1987,Steve Nichols,McLaren,Alain Prost / Ayrton Senna
1988,John Barnard,McLaren,Team / All Drivers
1988,Steve Nichols,McLaren,Alain Prost / Ayrton Senna
1989,John Barnard,McLaren,Team / All Drivers
1989,Steve Nichols,McLaren,Alain Prost / Ayrton Senna
1990,John Barnard,McLaren,Team / All Drivers
1990,Steve Nichols,McLaren,Alain Prost / Ayrton Senna
1991,John Barnard,McLaren,Team / All Drivers
1991,Steve Nichols,McLaren,Alain Prost / Ayrton Senna
1992,John Barnard,McLaren,Team / All Drivers
1992,Steve Nichols,McLaren,Alain Prost / Ayrton Senna
1993,John Barnard,McLaren,Team / All Drivers
1993,Steve Nichols,McLaren,Alain Prost / Ayrton Senna
1994,John Barnard,McLaren,Team / All Drivers
1994,Steve Nichols,McLaren,Alain Prost / Ayrton Senna
1995,John Barnard,McLaren,Team / All Drivers
1995,Steve Nichols,McLaren,Alain Prost / Ayrton Senna
1996,John Barnard,McLaren,Team / All Drivers
1996,Steve Nichols,McLaren,Alain Prost / Ayrton Senna
1997,Adrian Newey,McLaren,Team / All Drivers
1997,Pat Fry,McLaren,Mika Häkkinen / David Coulthard
1998,Adrian Newey,McLaren,Team / All Drivers
1998,Pat Fry,McLaren,Mika Häkkinen / David Coulthard
1999,Adrian Newey,McLaren,Team / All Drivers
1999,Pat Fry,McLaren,Mika Häkkinen / David Coulthard
2000,Adrian Newey,McLaren,Team / All Drivers
2000,Pat Fry,McLaren,Mika Häkkinen / David Coulthard
2001,Adrian Newey,McLaren,Team / All Drivers
2001,Pat Fry,McLaren,Mika Häkkinen / David Coulthard
2002,Adrian Newey,McLaren,Team / All Drivers
2002,Pat Fry,McLaren,Mika Häkkinen / David Coulthard
2003,Adrian Newey,McLaren,Team / All Drivers
2003,Pat Fry,McLaren,Mika Häkkinen / David Coulthard
2004,Adrian Newey,McLaren,Team / All Drivers
2004,Pat Fry,McLaren,Mika Häkkinen / David Coulthard
2005,Adrian Newey,McLaren,Team / All Drivers
2005,Pat Fry,McLaren,Mika Häkkinen / David Coulthard
2006,Adrian Newey,McLaren,Team / All Drivers
2006,Pat Fry,McLaren,Mika Häkkinen / David Coulthard
2007,Phil Prew,McLaren,Lewis Hamilton
2007,Mark Temple,McLaren,Lewis Hamilton / Jenson Button
2008,Phil Prew,McLaren,Lewis Hamilton
2008,Mark Temple,McLaren,Lewis Hamilton / Jenson Button
2009,Phil Prew,McLaren,Lewis Hamilton
2009,Mark Temple,McLaren,Lewis Hamilton / Jenson Button
2010,Phil Prew,McLaren,Lewis Hamilton
2010,Mark Temple,McLaren,Lewis Hamilton / Jenson Button
2011,Mark Temple,McLaren,Lewis Hamilton / Jenson Button
2011,Jakob Andreasen,McLaren,Jenson Button / Sergio Pérez
2012,Mark Temple,McLaren,Lewis Hamilton / Jenson Button
2012,Jakob Andreasen,McLaren,Jenson Button / Sergio Pérez
2013,Mark Temple,McLaren,Lewis Hamilton / Jenson Button
2013,Jakob Andreasen,McLaren,Jenson Button / Sergio Pérez
2014,Tom Stallard,McLaren,Jenson Button
2014,Mark Temple,McLaren,Fernando Alonso
2015,Tom Stallard,McLaren,Jenson Button
2015,Mark Temple,McLaren,Fernando Alonso
2016,Tom Stallard,McLaren,Jenson Button
2016,Mark Temple,McLaren,Fernando Alonso
2017,Tom Stallard,McLaren,Stoffel Vandoorne
2017,Will Joseph,McLaren,Fernando Alonso
2018,Tom Stallard,McLaren,Stoffel Vandoorne
2018,Will Joseph,McLaren,Fernando Alonso
2019,Tom Stallard,McLaren,Carlos Sainz
2019,Will Joseph,McLaren,Lando Norris
2020,Tom Stallard,McLaren,Carlos Sainz
2020,Will Joseph,McLaren,Lando Norris
2021,Tom Stallard,McLaren,Daniel Ricciardo
2021,Will Joseph,McLaren,Lando Norris
2022,Tom Stallard,McLaren,Daniel Ricciardo
2022,Will Joseph,McLaren,Lando Norris
2023,Tom Stallard,McLaren,Oscar Piastri
2023,Will Joseph,McLaren,Lando Norris
2024,Tom Stallard,McLaren,Oscar Piastri
2024,Will Joseph,McLaren,Lando Norris
2025,Tom Stallard,McLaren,Oscar Piastri
2025,Will Joseph,McLaren,Lando Norris
2026,Tom Stallard,McLaren,Oscar Piastri
2026,Will Joseph,McLaren,Lando Norris
2010,Peter Bonnington,Mercedes,Michael Schumacher
2010,Tony Ross,Mercedes,Nico Rosberg
2011,Peter Bonnington,Mercedes,Michael Schumacher
2011,Tony Ross,Mercedes,Nico Rosberg
2012,Peter Bonnington,Mercedes,Michael Schumacher
2012,Tony Ross,Mercedes,Nico Rosberg
2013,Peter Bonnington,Mercedes,Lewis Hamilton
2013,Tony Ross,Mercedes,Nico Rosberg
2014,Peter Bonnington,Mercedes,Lewis Hamilton
2014,Tony Ross,Mercedes,Nico Rosberg
2015,Peter Bonnington,Mercedes,Lewis Hamilton
2015,Tony Ross,Mercedes,Nico Rosberg
2016,Peter Bonnington,Mercedes,Lewis Hamilton
2016,Tony Ross,Mercedes,Nico Rosberg
2017,Peter Bonnington,Mercedes,Lewis Hamilton
2017,Tony Ross,Mercedes,Valtteri Bottas
2018,Peter Bonnington,Mercedes,Lewis Hamilton
2018,Tony Ross,Mercedes,Valtteri Bottas
2019,Peter Bonnington,Mercedes,Lewis Hamilton
2019,Riccardo Musconi,Mercedes,Valtteri Bottas
2020,Peter Bonnington,Mercedes,Lewis Hamilton
2020,Riccardo Musconi,Mercedes,Valtteri Bottas
2021,Peter Bonnington,Mercedes,Lewis Hamilton
2021,Riccardo Musconi,Mercedes,Valtteri Bottas
2022,Peter Bonnington,Mercedes,Lewis Hamilton
2022,Riccardo Musconi,Mercedes,George Russell
2023,Peter Bonnington,Mercedes,Lewis Hamilton
2023,Riccardo Musconi,Mercedes,George Russell
2024,Peter Bonnington,Mercedes,Lewis Hamilton
2024,Riccardo Musconi,Mercedes,George Russell
2025,Peter Bonnington,Mercedes,Kimi Antonelli
2025,Marcus Dudley,Mercedes,George Russell
2026,Peter Bonnington,Mercedes,Kimi Antonelli
2026,Marcus Dudley,Mercedes,George Russell
2006,James Key,Midland,Team / All Drivers
1985,Gabriele Tredozi,Minardi,Team / All Drivers
1985,Aldo Costa,Minardi,Team / All Drivers
1986,Gabriele Tredozi,Minardi,Team / All Drivers
1986,Aldo Costa,Minardi,Team / All Drivers
1987,Gabriele Tredozi,Minardi,Team / All Drivers
1987,Aldo Costa,Minardi,Team / All Drivers
1988,Gabriele Tredozi,Minardi,Team / All Drivers
1988,Aldo Costa,Minardi,Team / All Drivers
1989,Gabriele Tredozi,Minardi,Team / All Drivers
1989,Aldo Costa,Minardi,Team / All Drivers
1990,Gabriele Tredozi,Minardi,Team / All Drivers
1990,Aldo Costa,Minardi,Team / All Drivers
1991,Gabriele Tredozi,Minardi,Team / All Drivers
1991,Aldo Costa,Minardi,Team / All Drivers
1992,Gabriele Tredozi,Minardi,Team / All Drivers
1992,Aldo Costa,Minardi,Team / All Drivers
1993,Gabriele Tredozi,Minardi,Team / All Drivers
1993,Aldo Costa,Minardi,Team / All Drivers
1994,Gabriele Tredozi,Minardi,Team / All Drivers
1994,Aldo Costa,Minardi,Team / All Drivers
1995,Gabriele Tredozi,Minardi,Team / All Drivers
1995,Aldo Costa,Minardi,Team / All Drivers
1996,Gabriele Tredozi,Minardi,Team / All Drivers
1996,Aldo Costa,Minardi,Team / All Drivers
1997,Gabriele Tredozi,Minardi,Team / All Drivers
1997,Aldo Costa,Minardi,Team / All Drivers
1998,Gabriele Tredozi,Minardi,Team / All Drivers
1998,Aldo Costa,Minardi,Team / All Drivers
1999,Gabriele Tredozi,Minardi,Team / All Drivers
1999,Aldo Costa,Minardi,Team / All Drivers
2000,Gabriele Tredozi,Minardi,Team / All Drivers
2000,Aldo Costa,Minardi,Team / All Drivers
2001,Gabriele Tredozi,Minardi,Team / All Drivers
2001,Aldo Costa,Minardi,Team / All Drivers
2002,Gabriele Tredozi,Minardi,Team / All Drivers
2002,Aldo Costa,Minardi,Team / All Drivers
2003,Gabriele Tredozi,Minardi,Team / All Drivers
2003,Aldo Costa,Minardi,Team / All Drivers
2004,Gabriele Tredozi,Minardi,Team / All Drivers
2004,Aldo Costa,Minardi,Team / All Drivers
2005,Gabriele Tredozi,Minardi,Team / All Drivers
2005,Aldo Costa,Minardi,Team / All Drivers
1989,Alan Jenkins,Onyx,Team / All Drivers
1990,Alan Jenkins,Onyx,Team / All Drivers
1980,Enzo Osella,Osella,Team / All Drivers
1981,Enzo Osella,Osella,Team / All Drivers
1982,Enzo Osella,Osella,Team / All Drivers
1983,Enzo Osella,Osella,Team / All Drivers
1984,Enzo Osella,Osella,Team / All Drivers
1985,Enzo Osella,Osella,Team / All Drivers
1986,Enzo Osella,Osella,Team / All Drivers
1987,Enzo Osella,Osella,Team / All Drivers
1988,Enzo Osella,Osella,Team / All Drivers
1989,Enzo Osella,Osella,Team / All Drivers
1990,Enzo Osella,Osella,Team / All Drivers
1974,Maurice Philippe,Parnelli,Team / All Drivers
1975,Maurice Philippe,Parnelli,Team / All Drivers
1976,Maurice Philippe,Parnelli,Team / All Drivers
1974,Karl Kempf,Penske,Team / All Drivers
1975,Karl Kempf,Penske,Team / All Drivers
1976,Karl Kempf,Penske,Team / All Drivers
1957,Helmuth Bott,Porsche,Team / All Drivers
1958,Helmuth Bott,Porsche,Team / All Drivers
1959,Helmuth Bott,Porsche,Team / All Drivers
1960,Helmuth Bott,Porsche,Team / All Drivers
1961,Helmuth Bott,Porsche,Team / All Drivers
1962,Helmuth Bott,Porsche,Team / All Drivers
1963,Helmuth Bott,Porsche,Team / All Drivers
1964,Helmuth Bott,Porsche,Team / All Drivers
1997,Loic Bigois,Prost,Team / All Drivers
1998,Loic Bigois,Prost,Team / All Drivers
1999,Loic Bigois,Prost,Team / All Drivers
2000,Loic Bigois,Prost,Team / All Drivers
2001,Loic Bigois,Prost,Team / All Drivers
2024,Mattia Spini,RB,Yuki Tsunoda
2024,Ernesto Desiderio,RB,Daniel Ricciardo / Liam Lawson
2025,Mattia Spini,Racing Bulls,Yuki Tsunoda
2025,Ernesto Desiderio,Racing Bulls,Daniel Ricciardo / Liam Lawson
2026,Mattia Spini,Racing Bulls,Yuki Tsunoda
2026,Ernesto Desiderio,Racing Bulls,Daniel Ricciardo / Liam Lawson
2019,Bradley Joyce,Racing Point,Lance Stroll
2019,Andy Lami,Racing Point,Sergio Pérez
2020,Bradley Joyce,Racing Point,Lance Stroll
2020,Andy Lami,Racing Point,Sergio Pérez
2005,Günther Steiner,Red Bull,David Coulthard
2005,Adrian Newey,Red Bull,Team / All Drivers
2006,Günther Steiner,Red Bull,David Coulthard
2006,Adrian Newey,Red Bull,Team / All Drivers
2007,Günther Steiner,Red Bull,David Coulthard
2007,Adrian Newey,Red Bull,Team / All Drivers
2008,Günther Steiner,Red Bull,David Coulthard
2008,Adrian Newey,Red Bull,Team / All Drivers
2009,Guillaume Rocquelin,Red Bull,Sebastian Vettel
2009,Simon Rennie,Red Bull,Mark Webber
2010,Guillaume Rocquelin,Red Bull,Sebastian Vettel
2010,Simon Rennie,Red Bull,Mark Webber
2011,Guillaume Rocquelin,Red Bull,Sebastian Vettel
2011,Simon Rennie,Red Bull,Mark Webber
2012,Guillaume Rocquelin,Red Bull,Sebastian Vettel
2012,Simon Rennie,Red Bull,Mark Webber
2013,Guillaume Rocquelin,Red Bull,Sebastian Vettel
2013,Simon Rennie,Red Bull,Mark Webber / Daniel Ricciardo
2014,Guillaume Rocquelin,Red Bull,Sebastian Vettel
2014,Simon Rennie,Red Bull,Mark Webber / Daniel Ricciardo
2015,Guillaume Rocquelin,Red Bull,Sebastian Vettel
2015,Simon Rennie,Red Bull,Mark Webber / Daniel Ricciardo
2016,Gianpiero Lambiase,Red Bull,Max Verstappen
2016,Simon Rennie,Red Bull,Daniel Ricciardo / Alexander Albon
2017,Gianpiero Lambiase,Red Bull,Max Verstappen
2017,Simon Rennie,Red Bull,Daniel Ricciardo / Alexander Albon
2018,Gianpiero Lambiase,Red Bull,Max Verstappen
2018,Simon Rennie,Red Bull,Daniel Ricciardo / Alexander Albon
2019,Gianpiero Lambiase,Red Bull,Max Verstappen
2019,Simon Rennie,Red Bull,Daniel Ricciardo / Alexander Albon
2020,Gianpiero Lambiase,Red Bull,Max Verstappen
2020,Simon Rennie,Red Bull,Daniel Ricciardo / Alexander Albon
2021,Gianpiero Lambiase,Red Bull,Max Verstappen
2021,Hugh Bird,Red Bull,Sergio Pérez
2022,Gianpiero Lambiase,Red Bull,Max Verstappen
2022,Hugh Bird,Red Bull,Sergio Pérez
2023,Gianpiero Lambiase,Red Bull,Max Verstappen
2023,Hugh Bird,Red Bull,Sergio Pérez
2024,Gianpiero Lambiase,Red Bull,Max Verstappen
2024,Hugh Bird,Red Bull,Sergio Pérez
2025,Gianpiero Lambiase,Red Bull,Max Verstappen
2025,Hugh Bird,Red Bull,Sergio Pérez
2026,Gianpiero Lambiase,Red Bull,Max Verstappen
2026,Hugh Bird,Red Bull,Sergio Pérez
1977,Francois Castaing,Renault,Team / All Drivers
1978,Francois Castaing,Renault,Team / All Drivers
1979,Francois Castaing,Renault,Team / All Drivers
1980,Francois Castaing,Renault,Team / All Drivers
1981,Francois Castaing,Renault,Team / All Drivers
1982,Francois Castaing,Renault,Team / All Drivers
1983,Francois Castaing,Renault,Team / All Drivers
1984,Francois Castaing,Renault,Team / All Drivers
1985,Francois Castaing,Renault,Team / All Drivers
2002,Rod Nelson,Renault,Fernando Alonso
2002,Alan Permane,Renault,Jarno Trulli / Giancarlo Fisichella
2003,Rod Nelson,Renault,Fernando Alonso
2003,Alan Permane,Renault,Jarno Trulli / Giancarlo Fisichella
2004,Rod Nelson,Renault,Fernando Alonso
2004,Alan Permane,Renault,Jarno Trulli / Giancarlo Fisichella
2005,Rod Nelson,Renault,Fernando Alonso
2005,Alan Permane,Renault,Jarno Trulli / Giancarlo Fisichella
2006,Rod Nelson,Renault,Fernando Alonso
2006,Alan Permane,Renault,Jarno Trulli / Giancarlo Fisichella
2007,Alan Permane,Renault,Giancarlo Fisichella / Heikki Kovalainen
2007,Mark Slade,Renault,Vitaly Petrov / Fernando Alonso
2008,Alan Permane,Renault,Giancarlo Fisichella / Heikki Kovalainen
2008,Mark Slade,Renault,Vitaly Petrov / Fernando Alonso
2009,Alan Permane,Renault,Giancarlo Fisichella / Heikki Kovalainen
2009,Mark Slade,Renault,Vitaly Petrov / Fernando Alonso
2010,Alan Permane,Renault,Giancarlo Fisichella / Heikki Kovalainen
2010,Mark Slade,Renault,Vitaly Petrov / Fernando Alonso
2011,Mark Slade,Renault,Kimi Räikkönen
2011,Simon Rennie,Renault,Kimi Räikkönen / Romain Grosjean
2012,Mark Slade,Renault,Kimi Räikkönen
2012,Simon Rennie,Renault,Kimi Räikkönen / Romain Grosjean
2013,Mark Slade,Renault,Kimi Räikkönen
2013,Simon Rennie,Renault,Kimi Räikkönen / Romain Grosjean
2016,Mark Slade,Renault,Nico Hülkenberg / Esteban Ocon
2016,Karel Loos,Renault,Daniel Ricciardo / Jolyon Palmer
2017,Mark Slade,Renault,Nico Hülkenberg / Esteban Ocon
2017,Karel Loos,Renault,Daniel Ricciardo / Jolyon Palmer
2018,Mark Slade,Renault,Nico Hülkenberg / Esteban Ocon
2018,Karel Loos,Renault,Daniel Ricciardo / Jolyon Palmer
2019,Mark Slade,Renault,Nico Hülkenberg / Esteban Ocon
2019,Karel Loos,Renault,Daniel Ricciardo / Jolyon Palmer
2020,Mark Slade,Renault,Nico Hülkenberg / Esteban Ocon
2020,Karel Loos,Renault,Daniel Ricciardo / Jolyon Palmer
1988,Gustav Brunner,Rial,Team / All Drivers
1989,Gustav Brunner,Rial,Team / All Drivers
1993,Leo Ress,Sauber,Team / All Drivers
1993,Willy Rampf,Sauber,Team / All Drivers
1994,Leo Ress,Sauber,Team / All Drivers
1994,Willy Rampf,Sauber,Team / All Drivers
1995,Leo Ress,Sauber,Team / All Drivers
1995,Willy Rampf,Sauber,Team / All Drivers
1996,Leo Ress,Sauber,Team / All Drivers
1996,Willy Rampf,Sauber,Team / All Drivers
1997,Leo Ress,Sauber,Team / All Drivers
1997,Willy Rampf,Sauber,Team / All Drivers
1998,Leo Ress,Sauber,Team / All Drivers
1998,Willy Rampf,Sauber,Team / All Drivers
1999,Leo Ress,Sauber,Team / All Drivers
1999,Willy Rampf,Sauber,Team / All Drivers
2000,Leo Ress,Sauber,Team / All Drivers
2000,Willy Rampf,Sauber,Team / All Drivers
2001,Leo Ress,Sauber,Team / All Drivers
2001,Willy Rampf,Sauber,Team / All Drivers
2002,Leo Ress,Sauber,Team / All Drivers
2002,Willy Rampf,Sauber,Team / All Drivers
2003,Leo Ress,Sauber,Team / All Drivers
2003,Willy Rampf,Sauber,Team / All Drivers
2004,Leo Ress,Sauber,Team / All Drivers
2004,Willy Rampf,Sauber,Team / All Drivers
2005,Leo Ress,Sauber,Team / All Drivers
2005,Willy Rampf,Sauber,Team / All Drivers
2006,Leo Ress,Sauber,Team / All Drivers
2006,Willy Rampf,Sauber,Team / All Drivers
2007,Leo Ress,Sauber,Team / All Drivers
2007,Willy Rampf,Sauber,Team / All Drivers
2008,Leo Ress,Sauber,Team / All Drivers
2008,Willy Rampf,Sauber,Team / All Drivers
2009,Leo Ress,Sauber,Team / All Drivers
2009,Willy Rampf,Sauber,Team / All Drivers
2010,Julien Simon-Chautemps,Sauber,Marcus Ericsson / Kimi Räikkönen
2010,Gaetan Jego,Sauber,Esteban Gutiérrez / Adrian Sutil
2011,Julien Simon-Chautemps,Sauber,Marcus Ericsson / Kimi Räikkönen
2011,Gaetan Jego,Sauber,Esteban Gutiérrez / Adrian Sutil
2012,Julien Simon-Chautemps,Sauber,Marcus Ericsson / Kimi Räikkönen
2012,Gaetan Jego,Sauber,Esteban Gutiérrez / Adrian Sutil
2013,Julien Simon-Chautemps,Sauber,Marcus Ericsson / Kimi Räikkönen
2013,Gaetan Jego,Sauber,Esteban Gutiérrez / Adrian Sutil
2014,Julien Simon-Chautemps,Sauber,Marcus Ericsson / Kimi Räikkönen
2014,Gaetan Jego,Sauber,Esteban Gutiérrez / Adrian Sutil
2015,Julien Simon-Chautemps,Sauber,Marcus Ericsson / Kimi Räikkönen
2015,Gaetan Jego,Sauber,Esteban Gutiérrez / Adrian Sutil
2016,Julien Simon-Chautemps,Sauber,Marcus Ericsson / Kimi Räikkönen
2016,Gaetan Jego,Sauber,Esteban Gutiérrez / Adrian Sutil
2017,Julien Simon-Chautemps,Sauber,Marcus Ericsson / Kimi Räikkönen
2017,Gaetan Jego,Sauber,Esteban Gutiérrez / Adrian Sutil
2018,Julien Simon-Chautemps,Sauber,Marcus Ericsson / Kimi Räikkönen
2018,Gaetan Jego,Sauber,Esteban Gutiérrez / Adrian Sutil
1973,Tony Southgate,Shadow,Team / All Drivers
1974,Tony Southgate,Shadow,Team / All Drivers
1975,Tony Southgate,Shadow,Team / All Drivers
1976,Tony Southgate,Shadow,Team / All Drivers
1977,Tony Southgate,Shadow,Team / All Drivers
1978,Tony Southgate,Shadow,Team / All Drivers
1979,Tony Southgate,Shadow,Team / All Drivers
1980,Tony Southgate,Shadow,Team / All Drivers
2007,James Key,Spyker,Team / All Drivers
1997,Alan Jenkins,Stewart,Team / All Drivers
1998,Alan Jenkins,Stewart,Team / All Drivers
1999,Alan Jenkins,Stewart,Team / All Drivers
2006,Mark Preston,Super Aguri,Team / All Drivers
2007,Mark Preston,Super Aguri,Team / All Drivers
2008,Mark Preston,Super Aguri,Team / All Drivers
1970,John Surtees,Surtees,Team / All Drivers
1971,John Surtees,Surtees,Team / All Drivers
1972,John Surtees,Surtees,Team / All Drivers
1973,John Surtees,Surtees,Team / All Drivers
1974,John Surtees,Surtees,Team / All Drivers
1975,John Surtees,Surtees,Team / All Drivers
1976,John Surtees,Surtees,Team / All Drivers
1977,John Surtees,Surtees,Team / All Drivers
1978,John Surtees,Surtees,Team / All Drivers
1972,Alan McCall,Tecno,Team / All Drivers
1973,Alan McCall,Tecno,Team / All Drivers
1978,Ron Tauranac,Theodore,Team / All Drivers
1979,Ron Tauranac,Theodore,Team / All Drivers
1980,Ron Tauranac,Theodore,Team / All Drivers
1981,Ron Tauranac,Theodore,Team / All Drivers
1982,Ron Tauranac,Theodore,Team / All Drivers
1983,Ron Tauranac,Theodore,Team / All Drivers
1981,Rory Byrne,Toleman,Team / All Drivers
1982,Rory Byrne,Toleman,Team / All Drivers
1983,Rory Byrne,Toleman,Team / All Drivers
1984,Rory Byrne,Toleman,Team / All Drivers
1985,Rory Byrne,Toleman,Team / All Drivers
2006,Giorgio Ascanelli,Toro Rosso,Team / All Drivers
2007,Giorgio Ascanelli,Toro Rosso,Team / All Drivers
2008,Giorgio Ascanelli,Toro Rosso,Team / All Drivers
2009,Giorgio Ascanelli,Toro Rosso,Team / All Drivers
2010,Giorgio Ascanelli,Toro Rosso,Team / All Drivers
2011,Giorgio Ascanelli,Toro Rosso,Team / All Drivers
2012,Giorgio Ascanelli,Toro Rosso,Team / All Drivers
2013,Giorgio Ascanelli,Toro Rosso,Team / All Drivers
2014,Marco Matassa,Toro Rosso,Carlos Sainz
2014,Pierre Hamelin,Toro Rosso,Daniil Kvyat / Pierre Gasly
2015,Marco Matassa,Toro Rosso,Carlos Sainz
2015,Pierre Hamelin,Toro Rosso,Daniil Kvyat / Pierre Gasly
2016,Marco Matassa,Toro Rosso,Carlos Sainz
2016,Pierre Hamelin,Toro Rosso,Daniil Kvyat / Pierre Gasly
2017,Marco Matassa,Toro Rosso,Carlos Sainz
2017,Pierre Hamelin,Toro Rosso,Daniil Kvyat / Pierre Gasly
2018,Marco Matassa,Toro Rosso,Carlos Sainz
2018,Pierre Hamelin,Toro Rosso,Daniil Kvyat / Pierre Gasly
2019,Marco Matassa,Toro Rosso,Carlos Sainz
2019,Pierre Hamelin,Toro Rosso,Daniil Kvyat / Pierre Gasly
2002,Dieter Gass,Toyota,Jarno Trulli
2002,Richard Cregan,Toyota,Ralf Schumacher
2003,Dieter Gass,Toyota,Jarno Trulli
2003,Richard Cregan,Toyota,Ralf Schumacher
2004,Dieter Gass,Toyota,Jarno Trulli
2004,Richard Cregan,Toyota,Ralf Schumacher
2005,Dieter Gass,Toyota,Jarno Trulli
2005,Richard Cregan,Toyota,Ralf Schumacher
2006,Dieter Gass,Toyota,Jarno Trulli
2006,Richard Cregan,Toyota,Ralf Schumacher
2007,Dieter Gass,Toyota,Jarno Trulli
2007,Richard Cregan,Toyota,Ralf Schumacher
2008,Dieter Gass,Toyota,Jarno Trulli
2008,Richard Cregan,Toyota,Ralf Schumacher
2009,Dieter Gass,Toyota,Jarno Trulli
2009,Richard Cregan,Toyota,Ralf Schumacher
1970,Derek Gardner,Tyrrell,Team / All Drivers
1971,Derek Gardner,Tyrrell,Team / All Drivers
1972,Derek Gardner,Tyrrell,Team / All Drivers
1973,Derek Gardner,Tyrrell,Team / All Drivers
1974,Derek Gardner,Tyrrell,Team / All Drivers
1975,Derek Gardner,Tyrrell,Team / All Drivers
1976,Derek Gardner,Tyrrell,Team / All Drivers
1977,Derek Gardner,Tyrrell,Team / All Drivers
1978,Maurice Philippe,Tyrrell,Team / All Drivers
1978,Harvey Postlethwaite,Tyrrell,Team / All Drivers
1979,Maurice Philippe,Tyrrell,Team / All Drivers
1979,Harvey Postlethwaite,Tyrrell,Team / All Drivers
1980,Maurice Philippe,Tyrrell,Team / All Drivers
1980,Harvey Postlethwaite,Tyrrell,Team / All Drivers
1981,Maurice Philippe,Tyrrell,Team / All Drivers
1981,Harvey Postlethwaite,Tyrrell,Team / All Drivers
1982,Maurice Philippe,Tyrrell,Team / All Drivers
1982,Harvey Postlethwaite,Tyrrell,Team / All Drivers
1983,Maurice Philippe,Tyrrell,Team / All Drivers
1983,Harvey Postlethwaite,Tyrrell,Team / All Drivers
1984,Maurice Philippe,Tyrrell,Team / All Drivers
1984,Harvey Postlethwaite,Tyrrell,Team / All Drivers
1985,Maurice Philippe,Tyrrell,Team / All Drivers
1985,Harvey Postlethwaite,Tyrrell,Team / All Drivers
1986,Maurice Philippe,Tyrrell,Team / All Drivers
1986,Harvey Postlethwaite,Tyrrell,Team / All Drivers
1987,Maurice Philippe,Tyrrell,Team / All Drivers
1987,Harvey Postlethwaite,Tyrrell,Team / All Drivers
1988,Maurice Philippe,Tyrrell,Team / All Drivers
1988,Harvey Postlethwaite,Tyrrell,Team / All Drivers
1989,Maurice Philippe,Tyrrell,Team / All Drivers
1989,Harvey Postlethwaite,Tyrrell,Team / All Drivers
1990,Maurice Philippe,Tyrrell,Team / All Drivers
1990,Harvey Postlethwaite,Tyrrell,Team / All Drivers
1991,Maurice Philippe,Tyrrell,Team / All Drivers
1991,Harvey Postlethwaite,Tyrrell,Team / All Drivers
1992,Maurice Philippe,Tyrrell,Team / All Drivers
1992,Harvey Postlethwaite,Tyrrell,Team / All Drivers
1993,Maurice Philippe,Tyrrell,Team / All Drivers
1993,Harvey Postlethwaite,Tyrrell,Team / All Drivers
1994,Maurice Philippe,Tyrrell,Team / All Drivers
1994,Harvey Postlethwaite,Tyrrell,Team / All Drivers
1995,Maurice Philippe,Tyrrell,Team / All Drivers
1995,Harvey Postlethwaite,Tyrrell,Team / All Drivers
1996,Maurice Philippe,Tyrrell,Team / All Drivers
1996,Harvey Postlethwaite,Tyrrell,Team / All Drivers
1997,Maurice Philippe,Tyrrell,Team / All Drivers
1997,Harvey Postlethwaite,Tyrrell,Team / All Drivers
1954,Colin Chapman,Vanwall,Team / All Drivers
1955,Colin Chapman,Vanwall,Team / All Drivers
1956,Colin Chapman,Vanwall,Team / All Drivers
1957,Colin Chapman,Vanwall,Team / All Drivers
1958,Colin Chapman,Vanwall,Team / All Drivers
1992,Michel Tetu,Venturi,Team / All Drivers
2010,Nick Wirth,Virgin,Team / All Drivers
2011,Nick Wirth,Virgin,Team / All Drivers
1978,Patrick Head,Williams,Team / All Drivers
1979,Patrick Head,Williams,Team / All Drivers
1980,Patrick Head,Williams,Team / All Drivers
1981,Patrick Head,Williams,Team / All Drivers
1982,Patrick Head,Williams,Team / All Drivers
1983,Patrick Head,Williams,Team / All Drivers
1984,Patrick Head,Williams,Team / All Drivers
1985,Patrick Head,Williams,Team / All Drivers
1986,Patrick Head,Williams,Team / All Drivers
1987,Patrick Head,Williams,Team / All Drivers
1988,Patrick Head,Williams,Team / All Drivers
1989,Patrick Head,Williams,Team / All Drivers
1990,Patrick Head,Williams,Team / All Drivers
1991,Patrick Head,Williams,Team / All Drivers
1992,Patrick Head,Williams,Team / All Drivers
1993,Patrick Head,Williams,Team / All Drivers
1994,Patrick Head,Williams,Team / All Drivers
1995,Patrick Head,Williams,Team / All Drivers
1996,Jock Clear,Williams,Jacques Villeneuve
1996,Adrian Newey,Williams,Team / All Drivers
1997,Jock Clear,Williams,Jacques Villeneuve
1997,Adrian Newey,Williams,Team / All Drivers
1998,Craig Wilson,Williams,Team / All Drivers
1999,Craig Wilson,Williams,Team / All Drivers
2000,Craig Wilson,Williams,Team / All Drivers
2001,Tony Ross,Williams,Juan Pablo Montoya
2001,Sam Michael,Williams,Ralf Schumacher
2002,Tony Ross,Williams,Juan Pablo Montoya
2002,Sam Michael,Williams,Ralf Schumacher
2003,Tony Ross,Williams,Juan Pablo Montoya
2003,Sam Michael,Williams,Ralf Schumacher
2004,Tony Ross,Williams,Juan Pablo Montoya
2004,Sam Michael,Williams,Ralf Schumacher
2005,Tony Ross,Williams,Nico Rosberg
2005,Ed Regan,Williams,Mark Webber
2006,Tony Ross,Williams,Nico Rosberg
2006,Ed Regan,Williams,Mark Webber
2007,Tony Ross,Williams,Nico Rosberg
2007,Ed Regan,Williams,Mark Webber
2008,Tony Ross,Williams,Nico Rosberg
2008,Ed Regan,Williams,Mark Webber
2009,Tony Ross,Williams,Nico Rosberg
2009,Ed Regan,Williams,Mark Webber
2010,Andrew Murdoch,Williams,Pastor Maldonado
2010,Tom McCullough,Williams,Rubens Barrichello
2011,Andrew Murdoch,Williams,Pastor Maldonado
2011,Tom McCullough,Williams,Rubens Barrichello
2012,Andrew Murdoch,Williams,Pastor Maldonado
2012,Tom McCullough,Williams,Rubens Barrichello
2013,Andrew Murdoch,Williams,Felipe Massa
2013,Jonathan Eddolls,Williams,Valtteri Bottas
2014,Andrew Murdoch,Williams,Felipe Massa
2014,Jonathan Eddolls,Williams,Valtteri Bottas
2015,Andrew Murdoch,Williams,Felipe Massa
2015,Jonathan Eddolls,Williams,Valtteri Bottas
2016,Andrew Murdoch,Williams,Felipe Massa
2016,Jonathan Eddolls,Williams,Valtteri Bottas
2017,James Urwin,Williams,Lance Stroll / George Russell
2017,Gaetan Jego,Williams,Nicholas Latifi
2018,James Urwin,Williams,Lance Stroll / George Russell
2018,Gaetan Jego,Williams,Nicholas Latifi
2019,James Urwin,Williams,Lance Stroll / George Russell
2019,Gaetan Jego,Williams,Nicholas Latifi
2020,James Urwin,Williams,Lance Stroll / George Russell
2020,Gaetan Jego,Williams,Nicholas Latifi
2021,James Urwin,Williams,Lance Stroll / George Russell
2021,Gaetan Jego,Williams,Nicholas Latifi
2022,James Urwin,Williams,Lance Stroll / George Russell
2022,Gaetan Jego,Williams,Nicholas Latifi
2023,Gaetan Jego,Williams,Alex Albon
2023,Paul Williams,Williams,Logan Sargeant / Franco Colapinto / Carlos Sainz
2024,Gaetan Jego,Williams,Alex Albon
2024,Paul Williams,Williams,Logan Sargeant / Franco Colapinto / Carlos Sainz
2025,Gaetan Jego,Williams,Alex Albon
2025,Paul Williams,Williams,Logan Sargeant / Franco Colapinto / Carlos Sainz
2026,Gaetan Jego,Williams,Alex Albon
2026,Paul Williams,Williams,Logan Sargeant / Franco Colapinto / Carlos Sainz
1977,Harvey Postlethwaite,Wolf,Team / All Drivers
1978,Harvey Postlethwaite,Wolf,Team / All Drivers
1979,Harvey Postlethwaite,Wolf,Team / All Drivers
1985,Erich Zakowski,Zakspeed,Team / All Drivers
1986,Erich Zakowski,Zakspeed,Team / All Drivers
1987,Erich Zakowski,Zakspeed,Team / All Drivers
1988,Erich Zakowski,Zakspeed,Team / All Drivers
1989,Erich Zakowski,Zakspeed,Team / All Drivers
